station_id,stop_lat,stop_lon,dgrs,clse,btwn,stop_name
101,40.889248,-73.898583,0.004866180048661801,0.052557544757033246,0.0,Van Cortlandt Park-242 St
103,40.884667,-73.90087,0.009732360097323601,0.055465587044534415,0.004866180048661801,238 St
104,40.878856,-73.904834,0.009732360097323601,0.05869751499571551,0.009708622633671593,231 St
106,40.874561,-73.909831,0.009732360097323601,0.062310491206791996,0.014527327755029377,Marble Hill-225 St
107,40.869444,-73.915279,0.009732360097323601,0.06637596899224807,0.01932229541273515,215 St
108,40.864621,-73.918822,0.009732360097323601,0.07098445595854923,0.024093525606788915,207 St
109,40.860531,-73.925536,0.009732360097323601,0.07625231910946197,0.02884101833719067,Dyckman St
110,40.855225,-73.929412,0.009732360097323601,0.08233173076923077,0.03356477360394042,191 St
111,40.849505,-73.933596,0.009732360097323601,0.08942558746736293,0.03826479140703815,181 St
112,40.840556,-73.940133,0.024330900243309004,0.09781056639695383,0.08104089251226619,168 St-Washington Hts
113,40.834041,-73.94489,0.009732360097323601,0.08934782608695652,0.008543570041648353,157 St
114,40.826551,-73.95036,0.009732360097323601,0.08226581265012009,0.0038524537874201166,145 St
115,40.822008,-73.953676,0.009732360097323601,0.07633729569093611,0.0012327373534423566,137 St-City College
116,40.815581,-73.958372,0.009732360097323601,0.08081006685017696,0.002855244780702162,125 St
117,40.807722,-73.96411,0.009732360097323601,0.0865992414664981,0.006830422175854634,116 St-Columbia University
118,40.803967,-73.966847,0.009732360097323601,0.09353664087391898,0.011055888518109298,Cathedral Pkwy (110 St)
119,40.799446,-73.968379,0.009732360097323601,0.10208643815201192,0.015541760488403562,103 St
120,40.793919,-73.972323,0.019464720194647202,0.11328555678059538,0.04748888754354043,96 St
121,40.788644,-73.976218,0.009732360097323601,0.10183349851337958,0.0004213399798231559,86 St
122,40.783934,-73.979917,0.009732360097323601,0.10887417218543047,0.0019456807706763205,79 St
123,40.778453,-73.98197,0.019464720194647202,0.12206712206712207,0.05315529797500239,72 St
124,40.77344,-73.982209,0.009732360097323601,0.11132177681473455,0.001714494830036934,66 St-Lincoln Center
125,40.768247,-73.981929,0.0340632603406326,0.1217056559076103,0.14572804760041877,59 St-Columbus Circle
126,40.761728,-73.983849,0.009732360097323601,0.11965065502183406,0.0,50 St
127,40.75529,-73.987495,0.05352798053527981,0.13339824732229796,0.21366211410166075,Times Sq-42 St
128,40.750373,-73.991057,0.014598540145985401,0.12607361963190183,0.014454697248893434,34 St-Penn Station
129,40.747215,-73.993365,0.009732360097323601,0.1120807199345514,0.0018534698541819792,28 St
130,40.744081,-73.995657,0.009732360097323601,0.10655950220378532,1.186873182600439e-05,23 St
131,40.74104,-73.997871,0.009732360097323601,0.1158072696534235,0.0030008414626538095,18 St
132,40.737826,-74.000201,0.0413625304136253,0.13080840229153406,0.04643120269954519,14 St
133,40.733422,-74.002906,0.009732360097323601,0.11583990980834273,0.0065396005889151705,Christopher St-Sheridan Sq
134,40.728251,-74.005367,0.009732360097323601,0.1039453717754173,0.0017861734926004108,Houston St
135,40.722854,-74.006277,0.009732360097323601,0.09632059995312867,8.901548869503295e-05,Canal St
136,40.719318,-74.006886,0.009732360097323601,0.10644910644910645,0.003145284581104417,Franklin St
137,40.715478,-74.009266,0.019464720194647202,0.11895803183791606,0.018247664310360897,Chambers St
138,40.711835,-74.012188,0.009732360097323601,0.108615221987315,0.003438339461943395,WTC Cortlandt St
139,40.707513,-74.013783,0.009732360097323601,0.1060918946824987,0.0019567261056638546,Rector St
140,40.701411,-74.013205,0.014598540145985401,0.10560123329907503,0.005050760664967537,South Ferry Loop
201,40.903125,-73.85062,0.004866180048661801,0.06007893582809531,0.0,Wakefield-241 St
204,40.898379,-73.854376,0.009732360097323601,0.06390918986160783,0.0048661800486618,Nereid Av
205,40.893193,-73.857473,0.009732360097323601,0.0682384193923294,0.009708622633671591,233 St
206,40.888022,-73.860341,0.009732360097323601,0.07317073170731707,0.014527327755029374,225 St
207,40.883895,-73.862633,0.009732360097323601,0.07884135814310378,0.019322295412735148,219 St
208,40.87785,-73.866256,0.012165450121654502,0.08542922469341094,0.02767491543528574,Gun Hill Rd
209,40.871356,-73.867164,0.009732360097323601,0.07878090856814261,0.015666726010325795,Burke Av
210,40.865462,-73.867352,0.009732360097323601,0.07309265516628134,0.016809091448578718,Allerton Av
211,40.857192,-73.867615,0.009732360097323601,0.07863018940118614,0.020334104800902024,Pelham Pkwy
212,40.848828,-73.868457,0.009732360097323601,0.08504034761018,0.02506676161652127,Bronx Park East
213,40.841894,-73.873488,0.021897810218978103,0.09254672371087592,0.08503649635036496,E 180 St
214,40.840295,-73.880049,0.009732360097323601,0.08484723369116433,0.009815441220105631,West Farms Sq-E Tremont Av
215,40.837288,-73.887734,0.009732360097323601,0.07833047455688966,0.005032342294225862,174 St
216,40.829993,-73.891865,0.009732360097323601,0.07274336283185841,0.0002492433683460922,Freeman St
217,40.824073,-73.893064,0.009732360097323601,0.07255075022065313,7.121239095602634e-05,Simpson St
218,40.822181,-73.896736,0.009732360097323601,0.0778851620238772,0.00467628033944573,Intervale Av
219,40.819585,-73.90177,0.009732360097323601,0.08432498974148543,0.0094593792653255,Prospect Av
220,40.81649,-73.907807,0.009732360097323601,0.09192574368150302,0.014242478191205268,Jackson Av
221,40.816109,-73.917757,0.014598540145985401,0.10103244837758112,0.1065218681383894,3 Av-149 St
222,40.81841,-73.926718,0.024330900243309004,0.11096112311015119,0.17848286288791076,149 St-Grand Concourse
227,40.799075,-73.951822,0.014598540145985401,0.10832894043226146,0.030545601042084893,Central Park North (110 St)
228,40.713051,-74.008811,0.024330900243309004,0.1172945205479452,0.011474777063042922,Park Place
229,40.709416,-74.006571,0.029197080291970802,0.12431941923774954,0.02572935933406343,Fulton St
230,40.706821,-74.0091,0.009732360097323601,0.11090124123043713,0.0026837180780566925,Wall St
231,40.697466,-73.993086,0.009732360097323601,0.10884533898305085,0.0010233814016972285,Clark St
232,40.693219,-73.989998,0.029197080291970802,0.11442093541202672,0.01566354310360598,Borough Hall
233,40.690545,-73.985065,0.009732360097323601,0.11090124123043713,0.0,Hoyt St
234,40.688246,-73.980492,0.014598540145985401,0.12134632418069087,0.011001150043862656,Nevins St
235,40.684359,-73.977666,0.043795620437956206,0.13400717313335506,0.2890880886853487,Atlantic Av-Barclays Ctr
236,40.680829,-73.975098,0.009732360097323601,0.11830742659758203,0.003739639586176883,Bergen St
237,40.675235,-73.971046,0.009732360097323601,0.10847189231987332,1.186873182600439e-05,Grand Army Plaza
238,40.671987,-73.964375,0.009732360097323601,0.11126150514347591,0.0011146717306589123,Eastern Pkwy-Brooklyn Museum
239,40.670682,-73.958131,0.0340632603406326,0.12503802859750532,0.15441165161832612,Franklin Avenue-Medgar Evers College
241,40.667883,-73.950683,0.009732360097323601,0.11153324287652645,0.02884101833719067,President Street-Medgar Evers College
242,40.662742,-73.95085,0.009732360097323601,0.10061199510403916,0.024093525606788912,Sterling St
243,40.656652,-73.9502,0.009732360097323601,0.09159794963227101,0.019322295412735148,Winthrop St
244,40.650843,-73.949575,0.009732360097323601,0.0840318953179309,0.014527327755029374,Church Av
245,40.645098,-73.948959,0.009732360097323601,0.07759108929582782,0.009708622633671591,Beverly Rd
246,40.639967,-73.948411,0.009732360097323601,0.07204206836108677,0.0048661800486618,Newkirk Av-Little Haiti
247,40.632836,-73.947642,0.004866180048661801,0.06721177432542927,0.0,Flatbush Av-Brooklyn College
248,40.669847,-73.950466,0.009732360097323601,0.11123139377537213,0.0023559432674618713,Nostrand Av
249,40.669399,-73.942161,0.009732360097323601,0.10073529411764706,7.121239095602634e-05,Kingston Av
250,40.668897,-73.932942,0.014598540145985401,0.1119281045751634,0.039944876232020886,Crown Hts-Utica Av
251,40.664717,-73.92261,0.009732360097323601,0.10254491017964072,0.033610929680876485,Sutter Av-Rutland Rd
252,40.661453,-73.916327,0.009732360097323601,0.09598318542737039,0.030355138728806384,Saratoga Av
253,40.662549,-73.908946,0.009732360097323601,0.09062844542447629,0.02736540518183589,Rockaway Av
254,40.663515,-73.902447,0.019464720194647202,0.0866540164452878,0.03300938278949517,Junius St
255,40.664635,-73.894895,0.009732360097323601,0.07982132452903476,0.009708622633671591,Pennsylvania Av
256,40.665449,-73.889395,0.009732360097323601,0.07396077019974806,0.0048661800486618,Van Siclen Av
257,40.666235,-73.884079,0.004866180048661801,0.06887883358471594,0.0,New Lots Av
301,40.82388,-73.93647,0.004866180048661801,0.0891153512575889,0.0,Harlem-148 St
302,40.820421,-73.936245,0.009732360097323601,0.09781056639695383,0.0048661800486618,145 St
401,40.886037,-73.878751,0.004866180048661801,0.05709126267537158,0.0,Woodlawn
402,40.87975,-73.884655,0.009732360097323601,0.06053910737958462,0.0048661800486618,Mosholu Pkwy
405,40.873412,-73.890064,0.009732360097323601,0.06440996708979783,0.009708622633671591,Bedford Park Blvd-Lehman College
406,40.86776,-73.897174,0.009732360097323601,0.06878661087866109,0.014527327755029374,Kingsbridge Rd
407,40.862803,-73.901034,0.009732360097323601,0.07377490576198169,0.019322295412735148,Fordham Rd
408,40.858407,-73.903879,0.009732360097323601,0.07951247823563552,0.024093525606788912,183 St
409,40.853453,-73.907684,0.012165450121654502,0.0861815894317467,0.03122663343421755,Burnside Av
410,40.84848,-73.911794,0.009732360097323601,0.0794049459041731,0.016823927363361225,176 St
411,40.844434,-73.914685,0.009732360097323601,0.0793130065611733,0.019138330069432084,Mt Eden Av
412,40.840075,-73.917791,0.009732360097323601,0.08583959899749373,0.023856150970268827,170 St
413,40.835537,-73.9214,0.012165450121654502,0.0934940855323021,0.04763515518366862,167 St
414,40.827994,-73.925831,0.019464720194647202,0.10259610584123814,0.08226091523400694,161 St-Yankee Stadium
416,40.813224,-73.929849,0.009732360097323601,0.10790233657127855,0.0,138 St-Grand Concourse
419,40.707557,-74.011862,0.009732360097323601,0.11090124123043713,0.002683718078056692,Wall St
420,40.704817,-74.014065,0.009732360097323601,0.10884533898305085,0.0010233814016972285,Bowling Green
501,40.8883,-73.830834,0.004866180048661801,0.06351414000927214,0.0,Eastchester-Dyre Av
502,40.878663,-73.838591,0.009732360097323601,0.06781059231149976,0.0048661800486618,Baychester Av
503,40.869526,-73.846384,0.009732360097323601,0.072704758535291,0.009708622633671591,Gun Hill Rd
504,40.858985,-73.855359,0.009732360097323601,0.07833047455688966,0.014527327755029374,Pelham Pkwy
505,40.854364,-73.860495,0.009732360097323601,0.08486475325211645,0.019322295412735148,Morris Park
601,40.852462,-73.828121,0.004866180048661801,0.058149405772495756,0.0,Pelham Bay Park
602,40.84681,-73.832569,0.009732360097323601,0.061730249324121356,0.0048661800486618,Buhre Av
603,40.843863,-73.836322,0.009732360097323601,0.06576,0.009708622633671591,Middletown Rd
604,40.839892,-73.842952,0.009732360097323601,0.07032854209445585,0.014527327755029374,Westchester Sq-E Tremont Av
606,40.836488,-73.847036,0.009732360097323601,0.07555147058823529,0.019322295412735148,Zerega Av
607,40.834255,-73.851222,0.009732360097323601,0.0815799920603414,0.024093525606788912,Castle Hill Av
608,40.833226,-73.860816,0.014598540145985401,0.08861578266494179,0.035985994896445314,Parkchester
609,40.831509,-73.867618,0.009732360097323601,0.08148295003965107,0.0025043024152869263,St Lawrence Av
610,40.829521,-73.874516,0.009732360097323601,0.07541284403669725,5.9343659130021956e-05,Morrison Av-Soundview
611,40.828584,-73.879159,0.009732360097323601,0.08128955696202532,0.002397483828852887,Elder Av
612,40.826525,-73.886283,0.009732360097323601,0.08838709677419355,0.007180582754732656,Whitlock Av
613,40.820948,-73.890549,0.019464720194647202,0.09684260131950989,0.06174114295887484,Hunts Point Av
614,40.816104,-73.896435,0.009732360097323601,0.08840610884061088,0.00497299863509584,Longwood Av
615,40.812118,-73.904098,0.009732360097323601,0.08132172536604669,0.00016616224556406146,E 149 St
616,40.808719,-73.907657,0.009732360097323601,0.08114511352418559,3.560619547801317e-05,E 143 St-St Mary's St
617,40.805368,-73.914042,0.009732360097323601,0.08798972382787412,0.004711886534923743,Cypress Av
618,40.807566,-73.91924,0.009732360097323601,0.09634317862165963,0.009518722924455521,Brook Av
619,40.810476,-73.926138,0.014598540145985401,0.10644910644910645,0.07979348406622752,3 Av-138 St
621,40.804138,-73.937594,0.024330900243309004,0.11793400286944046,0.2203804614863739,125 St
622,40.798629,-73.941617,0.009732360097323601,0.1056283731688512,0.003624117263070441,116 St
623,40.79502,-73.94425,0.009732360097323601,0.09564812659995346,0.0005964037742567206,110 St
624,40.7906,-73.947478,0.009732360097323601,0.10043988269794721,0.0018147290961960717,103 St
625,40.785672,-73.95107,0.009732360097323601,0.11150298426478568,0.006060767906949142,96 St
626,40.779492,-73.955589,0.019464720194647202,0.1253048780487805,0.21229211855914876,86 St
627,40.77362,-73.959874,0.009732360097323601,0.11144251626898048,0.00040650406504065035,77 St
628,40.768141,-73.96387,0.009732360097323601,0.11916497535517541,0.0018265978280220762,68 St-Hunter College
629,40.762526,-73.967967,0.051094890510948905,0.13515291022689904,0.3641134007510374,59 St
630,40.757107,-73.97192,0.019464720194647202,0.13043478260869565,0.017141986751406827,51 St
631,40.751776,-73.976848,0.0340632603406326,0.142362313820575,0.35304069270893323,Grand Central-42 St
632,40.746081,-73.982076,0.009732360097323601,0.12477231329690346,0.002253872173758234,33 St
633,40.74307,-73.984264,0.009732360097323601,0.11790017211703958,1.186873182600439e-05,28 St
634,40.739864,-73.986599,0.009732360097323601,0.12588055130168455,0.0026004391430775623,23 St
635,40.734673,-73.989951,0.04866180048661801,0.14380685794261722,0.42427514443752623,14 St-Union Sq
636,40.730054,-73.99107,0.009732360097323601,0.12932662051604782,0.014667941475904103,Astor Pl
637,40.725915,-73.994659,0.029197080291970802,0.1308500477554919,0.06463335030839838,Bleecker St
638,40.722301,-73.997141,0.009732360097323601,0.1253430924062214,9.208157775008406e-05,Spring St
639,40.718803,-74.000193,0.038929440389294405,0.14148020654044752,0.36702362905337593,Canal St
640,40.713065,-74.004131,0.014598540145985401,0.13370201691607025,0.021807010816787733,Brooklyn Bridge-City Hall
701,40.7596,-73.83003,0.004866180048661801,0.08338405356055995,0.0,Flushing-Main St
702,40.754622,-73.845625,0.014598540145985401,0.09094932507191857,0.007287401341166696,Mets-Willets Point
705,40.75173,-73.855334,0.009732360097323601,0.08341790135985387,1.186873182600439e-05,111 St
706,40.749865,-73.8627,0.009732360097323601,0.09090909090909091,0.0024212212925048956,103 St-Corona Plaza
707,40.749145,-73.869527,0.019464720194647202,0.099927060539752,0.02105016728727306,Junction Blvd
708,40.748408,-73.876613,0.009732360097323601,0.09258842081549899,0.0010914287974996533,90 St-Elmhurst Av
709,40.747659,-73.883697,0.009732360097323601,0.10115678070391336,0.004122918385189423,82 St-Jackson Hts
710,40.746848,-73.891394,0.038929440389294405,0.1121418826739427,0.07288915444354896,74 St-Broadway
711,40.746325,-73.896403,0.009732360097323601,0.10170749814402376,0.002781762280605081,69 St
712,40.74563,-73.902984,0.019464720194647202,0.11063257065948856,0.03427085716611205,Woodside-61 St
713,40.744149,-73.912549,0.009732360097323601,0.09973307449648143,0.002762461461945172,52 St
714,40.743132,-73.918435,0.009732360097323601,0.09078860172299535,0.00011662441963314313,46 St-Bliss St
715,40.743781,-73.924016,0.009732360097323601,0.09795042897998094,0.0021966055426977616,40 St-Lowery St
716,40.744587,-73.930997,0.009732360097323601,0.10844327176781003,0.0069224237080744095,33 St-Rawson St
718,40.750582,-73.940202,0.024330900243309004,0.12145390070921985,0.07885105258572347,Queensboro Plaza
719,40.747023,-73.945264,0.024330900243309004,0.12003504672897196,0.02723509178956926,Court Sq
720,40.742216,-73.948916,0.009732360097323601,0.1152228763666947,0.000329752932565822,Hunters Point Av
721,40.742626,-73.953581,0.009732360097323601,0.12488605287146765,0.0033830831009040016,Vernon Blvd-Jackson Av
724,40.753821,-73.981963,0.021897810218978103,0.12932662051604782,0.004039751825449067,5 Av
A02,40.868072,-73.919899,0.004866180048661801,0.06594993581514763,0.0,Inwood-207 St
A03,40.865491,-73.927271,0.009732360097323601,0.0705942974922707,0.004866180048661801,Dyckman St
A05,40.859022,-73.93418,0.009732360097323601,0.0759142962689324,0.009708622633671593,190 St
A06,40.851695,-73.937969,0.009732360097323601,0.08206869009584665,0.014527327755029377,181 St
A07,40.847391,-73.939704,0.009732360097323601,0.08927019982623806,0.019322295412735148,175 St
A10,40.836013,-73.939892,0.009732360097323601,0.08915401301518439,0.00012106106462524477,163 St-Amsterdam Av
A11,40.830518,-73.941514,0.009732360097323601,0.09688826025459689,0.002307620573598854,155 St
A12,40.824783,-73.944216,0.029197080291970802,0.10719874804381847,0.13489860878522208,145 St
A14,40.817894,-73.947649,0.009732360097323601,0.10452695829094609,0.0,135 St
A15,40.811109,-73.952343,0.019464720194647202,0.11363008017694222,0.12805170694811174,125 St
A16,40.805085,-73.954882,0.009732360097323601,0.10223880597014925,0.010561588827567105,116 St
A17,40.800603,-73.958161,0.009732360097323601,0.09292335518878589,0.005778489901687338,Cathedral Pkwy (110 St)
A18,40.796092,-73.961454,0.009732360097323601,0.08516369664318275,0.0009953909758075687,103 St
A19,40.791642,-73.964696,0.009732360097323601,0.08357055713704759,7.121239095602634e-05,96 St
A20,40.785868,-73.968916,0.009732360097323601,0.0896205843872656,0.003930132731984255,86 St
A21,40.781433,-73.972143,0.009732360097323601,0.0982548410231891,0.008713231657864022,81 St-Museum of Natural History
A22,40.775594,-73.97641,0.009732360097323601,0.10873015873015873,0.013496330583743797,72 St
A25,40.762456,-73.985984,0.014598540145985401,0.11979014864470999,0.0005697207987212913,50 St
A28,40.752287,-73.993391,0.014598540145985401,0.12049252418645559,0.004056994575064709,34 St-Penn Station
A30,40.745906,-73.998041,0.009732360097323601,0.11403995560488346,0.0,23 St
A31,40.740893,-74.00169,0.019464720194647202,0.12156166814551908,0.0043426392411615835,14 St
A32,40.732338,-74.000495,0.031630170316301706,0.1288805268109125,0.06237659257497229,West 4 St - Washington Sq
A33,40.726227,-74.003739,0.009732360097323601,0.11461238148354713,0.0,Spring St
A34,40.720824,-74.005229,0.014598540145985401,0.11613450127154563,0.0020711099025442375,Canal St
A40,40.699337,-73.990531,0.009732360097323601,0.1191304347826087,0.007042934832627887,High St
A41,40.692338,-73.987342,0.0340632603406326,0.12545787545787546,0.16776611038629496,Jay St-MetroTech
A42,40.688484,-73.985001,0.024330900243309004,0.11659574468085106,0.1222596297747016,Hoyt-Schermerhorn Sts
A43,40.686113,-73.973946,0.009732360097323601,0.10546574287913779,0.0019029430601444136,Lafayette Av
A44,40.683263,-73.965838,0.009732360097323601,0.09966052376333656,0.0004450774434751646,Clinton-Washington Avs
A45,40.68138,-73.956848,0.014598540145985401,0.10916334661354582,0.03307486429526665,Franklin Av
A46,40.680438,-73.950426,0.019464720194647202,0.11075181891673404,0.12986740295484434,Nostrand Av
A47,40.679921,-73.940858,0.009732360097323601,0.10175786085664769,0.0,Kingston-Throop Avs
A48,40.679364,-73.930729,0.019464720194647202,0.1038928210313448,0.12281779306875588,Utica Av
A49,40.678822,-73.920786,0.009732360097323601,0.09417965169569202,0.0016034820516556858,Ralph Av
A50,40.67834,-73.911946,0.009732360097323601,0.08954248366013072,0.0004923757527460572,Rockaway Av
A51,40.678334,-73.905316,0.043795620437956206,0.09827833572453372,0.17243899600716334,Broadway Junction
A52,40.674542,-73.896548,0.009732360097323601,0.08956199607757681,0.0046050679484897035,Liberty Av
A53,40.67271,-73.890358,0.009732360097323601,0.08259646302250803,1.186873182600439e-05,Van Siclen Av
A54,40.67413,-73.88075,0.009732360097323601,0.08292978208232446,0.0002492433683460922,Shepherd Av
A55,40.675377,-73.872106,0.014598540145985401,0.09034952736865245,0.09741855082784404,Euclid Av
A57,40.677044,-73.86505,0.009732360097323601,0.08351960983539931,0.0883983146400807,Grant Av
A59,40.679371,-73.858992,0.009732360097323601,0.07762039660056658,0.08395940893715506,80 St
A60,40.679843,-73.85147,0.009732360097323601,0.07247399047786987,0.0794967657705774,88 St
A61,40.680429,-73.843853,0.014598540145985401,0.06794511489502397,0.07547326568156192,Rockaway Blvd
A63,40.681711,-73.837683,0.009732360097323601,0.06367157242447714,0.009708622633671591,104 St
A64,40.684331,-73.832163,0.009732360097323601,0.059886347078537086,0.0048661800486618,111 St
A65,40.685951,-73.825798,0.004866180048661801,0.056510380860717725,0.0,Ozone Park-Lefferts Blvd
B04,40.754203,-73.942836,0.014598540145985401,0.12141802067946825,0.0366980462710929,21 St-Queensbridge
B06,40.759145,-73.95326,0.014598540145985401,0.12059859154929578,0.009342418657779704,Roosevelt Island
B10,40.763972,-73.97745,0.012165450121654502,0.12254025044722719,0.003917410650692476,57 St
B12,40.646292,-73.994324,0.009732360097323601,0.10790233657127855,0.01364904159990505,9 Av
B13,40.640914,-73.994304,0.009732360097323601,0.09832535885167464,0.00924574209245742,Fort Hamilton Pkwy
B14,40.63626,-73.994791,0.009732360097323601,0.09042904290429044,0.004913654975965818,50 St
B15,40.631435,-73.995476,0.009732360097323601,0.08386043664558253,0.0006883864459082547,55 St
B16,40.626472,-73.996895,0.019464720194647202,0.08432498974148543,0.05037781230499758,62 St
B17,40.619589,-73.998864,0.009732360097323601,0.07813688212927757,0.021784068205645553,71 St
B18,40.613501,-74.00061,0.009732360097323601,0.07298881193393714,0.01738472494213993,79 St
B19,40.607954,-74.001736,0.009732360097323601,0.06859145527369827,0.013092200265068342,18 Av
B20,40.604556,-73.998168,0.009732360097323601,0.06476520642924677,0.00889462544260479,20 Av
B21,40.601875,-73.993728,0.009732360097323601,0.061407440609592114,0.004768263011097264,Bay Pkwy
B22,40.597704,-73.986829,0.009732360097323601,0.05902628177509694,0.0015745850889165827,25 Av
B23,40.588841,-73.983765,0.009732360097323601,0.05978181818181818,0.0025943069649674595,Bay 50 St
D01,40.874811,-73.878855,0.004866180048661801,0.0701844262295082,0.0,Norwood-205 St
D03,40.873244,-73.887138,0.009732360097323601,0.07546823356591995,0.0048661800486618,Bedford Park Blvd
D04,40.866978,-73.893509,0.009732360097323601,0.0815799920603414,0.009708622633671591,Kingsbridge Rd
D05,40.861296,-73.897749,0.014598540145985401,0.08873056994818652,0.014527327755029374,Fordham Rd
D06,40.856093,-73.900741,0.009732360097323601,0.08867313915857605,0.0,182-183 Sts
D07,40.85041,-73.905227,0.019464720194647202,0.0971860960037834,0.03031497691146983,Tremont Av
D08,40.8459,-73.910136,0.009732360097323601,0.0900328587075575,0.0026239314823078494,174-175 Sts
D09,40.839306,-73.9134,0.009732360097323601,0.08720560152768937,0.0011262354443768022,170 St
D10,40.833771,-73.91844,0.009732360097323601,0.09328188833408987,0.003344746547078758,167 St
D12,40.830135,-73.938209,0.009732360097323601,0.10155670867309118,0.030181665776511768,155 St
D14,40.762862,-73.981637,0.019464720194647202,0.11834149150590267,0.0033119870913752947,7 Av
D15,40.758663,-73.981329,0.021897810218978103,0.1284375,0.0067188015589546264,47-50 Sts-Rockefeller Ctr
D17,40.749719,-73.987823,0.0340632603406326,0.13466579292267367,0.11271875870393996,34 St-Herald Sq
D18,40.742878,-73.992821,0.012165450121654502,0.1193033381712627,9.168595335588393e-05,23 St
D22,40.718267,-73.993753,0.014598540145985401,0.1255345143555284,0.014111727968323995,Grand St
D25,40.67705,-73.972367,0.009732360097323601,0.11975524475524475,0.03562548773337442,7 Av
D26,40.661614,-73.962246,0.019464720194647202,0.11272627537026879,0.08813813679578292,Prospect Park
D27,40.655292,-73.961495,0.009732360097323601,0.10198511166253102,0.0,Parkside Av
D28,40.650527,-73.962982,0.019464720194647202,0.10264735264735264,0.07944487004038357,Church Av
D29,40.644031,-73.964492,0.009732360097323601,0.09315503173164098,0.002271015897506907,Beverly Rd
D30,40.640927,-73.963891,0.009732360097323601,0.0861815894317467,0.0001473700868395545,Cortelyou Rd
D31,40.635082,-73.962793,0.019464720194647202,0.09424443934877322,0.06910502868576562,Newkirk Plaza
D32,40.62927,-73.961639,0.009732360097323601,0.0861996644295302,0.004553636777243684,Avenue H
D33,40.625039,-73.960803,0.009732360097323601,0.07979033197437391,1.186873182600439e-05,Avenue J
D34,40.617618,-73.959399,0.009732360097323601,0.08017947717518532,0.0003006745395921112,Avenue M
D35,40.60867,-73.957734,0.019464720194647202,0.08709472345835982,0.05420231931803946,Kings Hwy
D37,40.5993,-73.955929,0.009732360097323601,0.08016383850204799,0.002276950263419909,Avenue U
D38,40.595246,-73.955161,0.009732360097323601,0.07491797302223842,0.00014143572092655232,Neck Rd
D39,40.586896,-73.954155,0.014598540145985401,0.08093737692004727,0.03898442918293375,Sheepshead Bay
D40,40.577621,-73.961376,0.009732360097323601,0.07562097516099356,0.032459264174592634,Brighton Beach
D41,40.576312,-73.968501,0.009732360097323601,0.07100898410504491,0.028259843104956123,Ocean Pkwy
D42,40.576127,-73.975939,0.014598540145985401,0.06699266503667482,0.026043461480527517,West 8 St - NY Aquarium
D43,40.577422,-73.981233,0.014598540145985401,0.06328919002155836,0.01261585950298786,Coney Island-Stillwell Av
F01,40.712646,-73.783817,0.009732360097323601,0.0861996644295302,0.0,Jamaica-179 St
F02,40.71047,-73.793604,0.009732360097323601,0.0861996644295302,0.0,169 St
F03,40.707564,-73.803326,0.019464720194647202,0.09428768066070199,0.009708622633671591,Parsons Blvd
F04,40.70546,-73.810708,0.009732360097323601,0.09424443934877322,0.0,Sutphin Blvd
F06,40.714441,-73.831008,0.024330900243309004,0.1039453717754173,0.05835909659395316,Kew Gardens-Union Tpke
F07,40.718331,-73.837324,0.012165450121654502,0.10357862903225806,0.0023760117768049246,75 Av
F12,40.760167,-73.975224,0.014598540145985401,0.12017543859649123,0.0021158614119469953,5 Av/53 St
F14,40.723402,-73.989938,0.014598540145985401,0.11899247249565721,0.014543608994980075,2 Av
F15,40.718611,-73.988114,0.026763990267639905,0.12316451902906803,0.09340027252485143,Delancey St-Essex St
F16,40.713715,-73.990173,0.012165450121654502,0.11108108108108108,0.002679931815591419,East Broadway
F18,40.70057,-73.986818,0.012165450121654502,0.11297416162726773,0.00705823130805327,York St
F21,40.680303,-73.995048,0.014598540145985401,0.11416666666666667,0.0036274745042770688,Carroll St
F22,40.67358,-73.995959,0.009732360097323601,0.10474006116207951,0.0010689818229430122,Smith-9 Sts
F23,40.670272,-73.989779,0.019464720194647202,0.11129163281884646,0.009800777427624497,4 Av-9 St
F24,40.666271,-73.980305,0.019464720194647202,0.11257189811010682,0.05178510693376283,7 Av
F25,40.660365,-73.979493,0.009732360097323601,0.10125646711012565,0.002336633029173531,15 St-Prospect Park
F26,40.650782,-73.975776,0.009732360097323601,0.09260928346101847,7.253113893669349e-05,Fort Hamilton Pkwy
F27,40.644041,-73.979678,0.014598540145985401,0.10198511166253102,0.03873244084922917,Church Av
F29,40.636119,-73.978172,0.009732360097323601,0.09326072157930565,0.031908240316643376,Ditmas Av
F30,40.629755,-73.976971,0.009732360097323601,0.08598326359832636,0.02746946648851581,18 Av
F31,40.625322,-73.976127,0.009732360097323601,0.07985234116961337,0.02309636630982544,Avenue I
F32,40.620769,-73.975264,0.009732360097323601,0.07465940054495913,0.01882058973210833,Bay Pkwy
F33,40.61514,-73.974197,0.009732360097323601,0.07020840450973694,0.014649257994460053,Avenue N
F34,40.608944,-73.973022,0.009732360097323601,0.06633311814073596,0.010569183617073945,Avenue P
F35,40.603217,-73.972361,0.009732360097323601,0.06291137302923619,0.0066202587263651845,Kings Hwy
F36,40.596063,-73.973357,0.009732360097323601,0.06021095810137709,0.0030654296810608,Avenue U
F38,40.58962,-73.97425,0.009732360097323601,0.059877622377622376,0.0029785169103310454,Avenue X
F39,40.581011,-73.974574,0.009732360097323601,0.06304647952139898,0.006755095569409263,Neptune Av
G05,40.702147,-73.801109,0.004866180048661801,0.0838946723821188,0.0,Jamaica Center-Parsons/Archer
G06,40.700486,-73.807969,0.019464720194647202,0.09155713967476052,0.03688254157814235,Sutphin Blvd-Archer Av-JFK Airport
G07,40.702566,-73.816859,0.009732360097323601,0.097117202268431,0.03879388780317914,Jamaica-Van Wyck
G08,40.721691,-73.844521,0.021897810218978103,0.11235647895024603,0.06696793371950609,Forest Hills-71 Av
G09,40.726523,-73.852719,0.009732360097323601,0.10115678070391336,0.005889323706454478,67 Av
G10,40.729846,-73.861604,0.009732360097323601,0.09198746642793196,0.0010824873169226956,63 Dr-Rego Park
G11,40.733106,-73.869229,0.009732360097323601,0.08511078898322634,3.560619547801317e-05,Woodhaven Blvd
G12,40.737015,-73.877223,0.009732360097323601,0.09184357541899442,0.0037955614635651054,Grand Av-Newtown
G13,40.742454,-73.882017,0.009732360097323601,0.10098280098280098,0.008602397853096877,Elmhurst Av
G15,40.749669,-73.898453,0.009732360097323601,0.10098280098280098,0.005327357992036646,65 St
G16,40.752885,-73.906006,0.009732360097323601,0.09184357541899442,0.0005205216025048675,Northern Blvd
G18,40.756312,-73.913333,0.009732360097323601,0.09082872928176795,3.560619547801317e-05,46 St
G19,40.756879,-73.92074,0.009732360097323601,0.09879807692307692,0.0043575271779829365,Steinway St
G20,40.752039,-73.928781,0.009732360097323601,0.10945406125166444,0.009164363567514714,36 St
G21,40.748973,-73.937243,0.019464720194647202,0.12268656716417911,0.07279953409793377,Queens Plaza
G24,40.744065,-73.949724,0.009732360097323601,0.10847189231987332,0.019883969016958162,21 St
G26,40.731352,-73.954449,0.009732360097323601,0.09908389585342334,0.015619138047480585,Greenpoint Av
G28,40.724635,-73.951277,0.009732360097323601,0.09520500347463516,0.013647049348491406,Nassau Av
G29,40.712792,-73.951418,0.019464720194647202,0.0971860960037834,0.0339612033763716,Metropolitan Av
G30,40.706092,-73.950308,0.009732360097323601,0.09050869852455407,0.009315725221902908,Broadway
G31,40.700377,-73.950234,0.009732360097323601,0.0858575308126175,0.006291388669882527,Flushing Av
G32,40.694568,-73.949046,0.009732360097323601,0.08338405356055995,0.004638865575308511,Myrtle-Willoughby Avs
G33,40.689627,-73.953522,0.009732360097323601,0.08279613215149073,0.004860061999994344,Bedford-Nostrand Avs
G34,40.688873,-73.96007,0.009732360097323601,0.08793324775353016,0.007427706706681253,Classon Av
G35,40.688089,-73.966839,0.009732360097323601,0.09569266589057043,0.011724781064286142,Clinton-Washington Avs
G36,40.687119,-73.975375,0.009732360097323601,0.10506134969325154,0.016270505353645798,Fulton St
H02,40.668234,-73.834058,0.009732360097323601,0.06386946386946386,0.05682748798290902,Aqueduct-N Conduit Av
H03,40.660476,-73.830301,0.009732360097323601,0.06023743221456837,0.05222242003441932,Howard Beach-JFK Airport
H04,40.608382,-73.815925,0.014598540145985401,0.056980451961735755,0.04787846418610171,Broad Channel
H06,40.590927,-73.796924,0.009732360097323601,0.05398660186523053,0.024093525606788912,Beach 67 St
H07,40.592374,-73.788522,0.009732360097323601,0.051278852152214595,0.019322295412735148,Beach 60 St
H08,40.592943,-73.776013,0.009732360097323601,0.04881814942392208,0.014527327755029374,Beach 44 St
H09,40.595398,-73.768175,0.009732360097323601,0.04657223796033994,0.009708622633671591,Beach 36 St
H10,40.600066,-73.761353,0.009732360097323601,0.04451424239142207,0.0048661800486618,Beach 25 St
H11,40.603995,-73.755405,0.004866180048661801,0.042621590791247534,0.0,Far Rockaway-Mott Av
H12,40.588034,-73.813641,0.009732360097323601,0.05395825128003151,0.014527327755029374,Beach 90 St
H13,40.585307,-73.820558,0.009732360097323601,0.05122772030412564,0.009708622633671591,Beach 98 St
H14,40.583209,-73.827559,0.009732360097323601,0.048748665638714266,0.0048661800486618,Beach 105 St
H15,40.580903,-73.835592,0.004866180048661801,0.04648795385137428,0.0,Rockaway Park-Beach 116 St
J12,40.700492,-73.828294,0.014598540145985401,0.08539372532723873,0.0014936037241770612,121 St
J13,40.697418,-73.836345,0.019464720194647202,0.08720560152768937,0.026395222630055993,111 St
J14,40.695178,-73.84433,0.014598540145985401,0.08254669612371962,0.0006460546357288389,104 St
J15,40.693879,-73.851576,0.019464720194647202,0.08509316770186336,0.026281358478023566,Woodhaven Blvd
J16,40.692435,-73.86001,0.014598540145985401,0.08137002573747773,0.0011553655865953164,85 St-Forest Pkwy
J17,40.691324,-73.867139,0.019464720194647202,0.0846201358863496,0.023489716682814944,75 St-Elderts Ln
J19,40.689941,-73.87255,0.014598540145985401,0.0811611374407583,0.0011540856724071543,Cypress Hills
J20,40.683194,-73.873785,0.019464720194647202,0.08475974427717055,0.026463753748040768,Crescent St
J21,40.68141,-73.880039,0.014598540145985401,0.08159618820726623,0.000421702635517839,Norwood Av
J22,40.679947,-73.884639,0.019464720194647202,0.086272040302267,0.02763461360589595,Cleveland St
J23,40.678024,-73.891688,0.014598540145985401,0.08406627122110862,0.0016159469059803125,Van Siclen Av
J24,40.676992,-73.898654,0.014598540145985401,0.09082872928176795,0.03592448500225081,Alabama Av
J28,40.682893,-73.910456,0.014598540145985401,0.09600560616678346,0.010646886248193467,Chauncey St
J29,40.68637,-73.916559,0.019464720194647202,0.09602803738317757,0.021782232038611828,Halsey St
J30,40.68963,-73.92227,0.019464720194647202,0.09951573849878935,0.024473285438228527,Gates Av
J31,40.693342,-73.928814,0.014598540145985401,0.09949164851125636,0.01154436489625071,Kosciuszko St
L05,40.732849,-73.986122,0.009732360097323601,0.12685185185185185,0.031484806610318467,3 Av
L06,40.730953,-73.981628,0.009732360097323601,0.11375588153888735,0.027063704005131826,1 Av
L08,40.717304,-73.956872,0.009732360097323601,0.10339622641509434,0.022992135552221002,Bedford Av
L11,40.714565,-73.944053,0.009732360097323601,0.09060846560846561,0.015444356841900011,Graham Av
L12,40.711926,-73.94067,0.009732360097323601,0.08541147132169576,0.012113199442734774,Grand St
L13,40.707739,-73.93985,0.009732360097323601,0.08100118249901458,0.009003097173828878,Montrose Av
L14,40.706152,-73.933147,0.009732360097323601,0.07754716981132076,0.006309884110311384,Morgan Av
L15,40.706607,-73.922913,0.009732360097323601,0.07611111111111112,0.005404130318675453,Jefferson St
L16,40.703811,-73.918425,0.009732360097323601,0.07922127987663839,0.007480395398323114,DeKalb Av
L17,40.699814,-73.911586,0.019464720194647202,0.08481221626083368,0.03323920102585431,Myrtle-Wyckoff Avs
L19,40.695602,-73.904084,0.009732360097323601,0.08218356328734253,0.01043340006756983,Halsey St
L20,40.688764,-73.904046,0.009732360097323601,0.08336713995943205,0.011902157591582545,Wilson Av
L21,40.682829,-73.905249,0.009732360097323601,0.09015134898003949,0.016105228158792045,Bushwick Av-Aberdeen St
L24,40.675345,-73.903097,0.009732360097323601,0.08997373029772329,0.01451479975160029,Atlantic Av
L25,40.669367,-73.901975,0.009732360097323601,0.0840318953179309,0.011586453820742583,Sutter Av
L27,40.658733,-73.899232,0.009732360097323601,0.07982132452903476,0.009708622633671591,New Lots Av
L28,40.650573,-73.899485,0.009732360097323601,0.07396077019974806,0.0048661800486618,East 105 St
L29,40.646654,-73.90185,0.004866180048661801,0.06887883358471594,0.0,Canarsie-Rockaway Pkwy
M01,40.711396,-73.889601,0.004866180048661801,0.06348470806302131,0.0,Middle Village-Metropolitan Av
M04,40.706186,-73.895877,0.009732360097323601,0.06777704485488127,0.0048661800486618,Fresh Pond Rd
M05,40.704423,-73.903077,0.009732360097323601,0.07266619519094766,0.009708622633671591,Forest Av
M06,40.702762,-73.90774,0.009732360097323601,0.07828571428571429,0.014527327755029374,Seneca Av
M09,40.698664,-73.919711,0.009732360097323601,0.0891733564764591,0.02645488555496237,Knickerbocker Av
M10,40.697857,-73.927397,0.009732360097323601,0.09695682944090588,0.030676791277669226,Central Av
M11,40.697207,-73.935657,0.024330900243309004,0.10644910644910645,0.07996961344972016,Myrtle Av
M12,40.70026,-73.941126,0.009732360097323601,0.09629803186504217,0.0009062765810139853,Flushing Av
M13,40.703869,-73.947408,0.009732360097323601,0.09459148446490219,1.186873182600439e-05,Lorimer St
M14,40.70687,-73.953431,0.009732360097323601,0.10249376558603492,0.00394803473582181,Hewes St
M16,40.708359,-73.957757,0.014598540145985401,0.11407160699417153,0.08725098151887532,Marcy Av
M19,40.72028,-73.993915,0.009732360097323601,0.12740235585864848,0.020712572519364373,Bowery
M23,40.706476,-74.011056,0.004866180048661801,0.11060279870828849,0.0,Broad St
N02,40.635064,-74.011719,0.009732360097323601,0.09898843930635838,0.05783691463324721,8 Av
N03,40.631386,-74.005351,0.009732360097323601,0.09102990033222591,0.05351867437055259,Fort Hamilton Pkwy
N05,40.620671,-73.990414,0.009732360097323601,0.07830062869117928,0.019670831512561975,18 Av
N06,40.61741,-73.985026,0.009732360097323601,0.07319679430097951,0.01530946819089958,20 Av
N07,40.611815,-73.981848,0.009732360097323601,0.068821165438714,0.011050967211729186,Bay Pkwy
N08,40.603923,-73.980353,0.009732360097323601,0.06501107244542866,0.006881086096859636,Kings Hwy
N09,40.597473,-73.979137,0.009732360097323601,0.0616469176541173,0.003107747789962489,Avenue U
N10,40.592721,-73.97823,0.009732360097323601,0.0599212713223502,0.0024750454775379124,86 St
R01,40.775036,-73.912034,0.004866180048661801,0.07069143446852426,0.0,Astoria-Ditmars Blvd
R03,40.770258,-73.917843,0.009732360097323601,0.07605477424130273,0.0048661800486618,Astoria Blvd
R04,40.766779,-73.921479,0.009732360097323601,0.08226581265012009,0.009708622633671591,30 Av
R05,40.76182,-73.925508,0.009732360097323601,0.08954248366013072,0.014527327755029374,Broadway
R06,40.756804,-73.929575,0.009732360097323601,0.0981844242713808,0.019322295412735148,36 Av
R08,40.752882,-73.932755,0.009732360097323601,0.108615221987315,0.024093525606788912,39 Av-Dutch Kills
R13,40.764811,-73.973347,0.009732360097323601,0.12138216184288246,0.0,5 Av/59 St
R14,40.764664,-73.980658,0.019464720194647202,0.12526668698567509,0.022657015091839167,57 St-7 Av
R15,40.759901,-73.984139,0.009732360097323601,0.12059859154929578,0.0,49 St
R18,40.745494,-73.988691,0.009732360097323601,0.11878612716763005,0.0002683322453662492,28 St
R19,40.741303,-73.989344,0.009732360097323601,0.1258420085731782,0.0010885991127648834,23 St
R21,40.730328,-73.992629,0.009732360097323601,0.1258420085731782,0.0013017031630170313,8 St-NYU
R22,40.724329,-73.997702,0.009732360097323601,0.1240567461515243,0.0009808517793207126,Prince St
R24,40.713282,-74.006978,0.009732360097323601,0.12503802859750532,0.004979428637594316,City Hall
R26,40.70722,-74.013342,0.009732360097323601,0.10739482623464855,0.0017275658133025632,Rector St
R30,40.690635,-73.981824,0.019464720194647202,0.13357166070848228,0.1346605484310879,DeKalb Av
R32,40.677316,-73.98311,0.009732360097323601,0.11926871735345328,0.009812103674485722,Union St
R34,40.665414,-73.992872,0.009732360097323601,0.10158180919426595,0.0017276360680312966,Prospect Av
R35,40.660397,-73.998091,0.009732360097323601,0.10818636483285075,0.003190151127662254,25 St
R36,40.655144,-74.003549,0.024330900243309004,0.12017543859649123,0.11646222733279894,36 St
R39,40.648939,-74.010006,0.009732360097323601,0.10736677115987461,0.002292499500973776,45 St
R40,40.645069,-74.014034,0.009732360097323601,0.09802051037443359,0.0001275888671295472,53 St
R41,40.641362,-74.017881,0.019464720194647202,0.10858652575957728,0.08292430266704796,59 St
R42,40.634967,-74.023377,0.009732360097323601,0.09811410837908809,0.014527327755029374,Bay Ridge Av
R43,40.629742,-74.02551,0.009732360097323601,0.08944504896626768,0.009708622633671591,77 St
R44,40.622687,-74.028398,0.009732360097323601,0.08215070957425545,0.0048661800486618,86 St
R45,40.616622,-74.030876,0.004866180048661801,0.0759283207094033,0.0,Bay Ridge-95 St
S03,40.674772,-73.957624,0.009732360097323601,0.11548187693172239,0.03471067225918567,Park Place
