,fips,cbp_total_employees,cbp_total_establishments
0,1001,11510,867
320,1003,67084,5644
1176,1005,6893,449
1365,1007,3951,285
1517,1009,6825,695
1794,1011,2061,113
1853,1013,6203,421
2031,1015,36752,2245
2593,1017,7118,550
2800,1019,4570,388
2966,1021,7905,782
3257,1023,3006,256
3382,1025,6429,592
3620,1027,3609,189
3717,1029,1669,173
3805,1031,13792,966
4137,1033,24190,1231
4554,1035,2679,194
4646,1037,1085,95
4698,1039,10218,807
5002,1041,3117,207
5095,1043,25889,1761
5606,1045,10951,698
5873,1047,10030,673
6140,1049,18973,1102
6511,1051,14884,1200
6901,1053,10006,741
7192,1055,30302,1917
7716,1057,3177,281
7859,1059,10718,520
8073,1061,3909,406
8251,1063,1369,97
8301,1065,1906,185
8401,1067,3509,285
8549,1069,45246,2701
9191,1071,13101,833
9495,1073,334197,16498
10709,1075,3185,247
10825,1077,26623,1966
11333,1079,3568,416
11494,1081,48188,2952
12166,1083,18202,1423
12575,1085,1765,108
12630,1087,4922,197
12726,1089,173625,8539
13677,1091,6281,454
13879,1093,8491,548
14101,1095,34461,1859
14594,1097,154973,8755
15694,1099,5394,392
15870,1101,105054,5528
16756,1103,45554,2604
17399,1105,1536,111
17461,1107,2756,254
17576,1109,12108,652
17837,1111,3825,341
17986,1113,11116,808
18256,1115,18076,1330
18678,1117,85296,5338
19547,1119,2899,194
19643,1121,25477,1250
20046,1123,10487,777
20337,1125,80583,4087
21118,1127,14857,1214
21493,1129,5614,208
21584,1131,2133,164
21674,1133,6856,442
21879,1999,65871,526
22048,2013,2064,60
22095,2016,3454,116
22157,2020,144931,8763
23166,2050,2422,217
23278,2060,358,96
23322,2068,1018,119
23380,2070,1178,109
23441,2090,27029,2515
24103,2100,658,137
24176,2105,261,86
24225,2110,11097,1130
24663,2122,15060,2216
25273,2130,4557,609
25532,2150,5057,474
25739,2158,650,74
25784,2164,313,50
25821,2170,19923,2398
26440,2180,2198,178
26528,2185,4744,153
26614,2188,1822,68
26644,2195,903,161
26715,2198,1013,172
26829,2220,3010,367
27008,2230,338,116
27064,2240,1277,162
27154,2261,2595,496
27353,2275,484,96
27401,2282,121,27
27409,2290,340,95
27476,2999,6096,139
27535,4001,6240,453
27749,4003,26186,2136
28316,4005,55692,3744
29073,4007,11231,1014
29423,4009,7535,521
29665,4011,3509,76
29708,4012,3737,337
29854,4013,1796017,97970
31529,4015,45840,3907
32254,4017,19469,1791
32747,4019,331057,20400
33985,4021,53795,3827
34733,4023,11432,1133
35111,4025,62017,6002
35991,4027,45290,3113
36659,4999,135594,739
36864,5001,9152,484
37078,5003,5359,372
37261,5005,13624,1045
37623,5007,122863,6834
38526,5009,11799,849
38853,5011,2472,247
38961,5013,406,57
38989,5015,8382,688
39258,5017,1939,199
39384,5019,6868,533
39587,5021,2353,275
39744,5023,5679,578
39976,5025,608,71
40016,5027,7142,543
40270,5029,4732,410
40434,5031,45244,2547
41052,5033,15019,1072
41435,5035,13738,858
41732,5037,3820,361
41896,5039,2400,184
41968,5041,3339,291
42115,5043,5031,402
42288,5045,36425,2673
42897,5047,3605,289
43041,5049,1500,168
43137,5051,35253,2765
43795,5053,3522,273
43915,5055,15456,778
44206,5057,6038,382
44397,5059,5916,495
44621,5061,6003,268
44734,5063,15779,787
45036,5065,2091,207
45152,5067,3738,310
45297,5069,19351,1264
45695,5071,7345,390
45869,5073,682,106
45935,5075,2993,283
46083,5077,925,119
46158,5079,1478,154
46235,5081,2677,174
46322,5083,3821,382
46503,5085,11619,1056
46851,5087,2518,213
46943,5089,2042,213
47050,5091,12155,704
47337,5093,14618,759
47643,5095,1725,178
47747,5097,860,131
47822,5099,1969,114
47890,5101,683,84
47944,5103,7499,505
48170,5105,697,111
48225,5107,3784,365
48394,5109,2008,209
48512,5111,3745,344
48685,5113,4932,431
48878,5115,23086,1567
49349,5117,986,148
49439,5119,219046,12218
50563,5121,3713,307
50714,5123,5474,441
50897,5125,22623,2070
51446,5127,1985,141
51518,5129,1066,110
51583,5131,61734,3393
52324,5133,3704,249
52448,5135,2536,309
52596,5137,2066,226
52707,5139,16180,1064
53075,5141,3239,306
53226,5143,93767,5711
54103,5145,22593,1552
54576,5147,1126,127
54656,5149,4863,319
54806,5999,26245,401
54951,6001,712218,40767
56432,6003,551,42
56454,6005,8385,828
56750,6007,63691,4637
57543,6009,6407,910
57868,6011,3873,376
58054,6013,344558,24558
59287,6015,4155,393
59461,6017,49977,4626
60233,6019,277632,17351
61479,6021,5003,472
61706,6023,35465,3214
62425,6025,33174,2545
63045,6027,5397,488
63256,6029,199982,13197
64378,6031,25541,1682
64828,6033,10001,1111
65203,6035,3540,405
65393,6037,3900772,285383
67266,6039,27690,2039
67826,6041,102686,10028
68797,6043,2491,321
68940,6045,23543,2445
69553,6047,46799,3177
70213,6049,1108,149
70293,6051,6670,621
70480,6053,119472,8830
71473,6055,64170,4328
72225,6057,29332,3119
72929,6059,1536500,99577
74627,6061,160796,11279
75665,6063,3830,605
75907,6065,611156,40608
77389,6067,505255,30796
78694,6069,13517,1008
79041,6071,625872,37018
80589,6073,1313497,87334
82223,6075,706852,34863
83498,6077,195234,11989
84621,6079,96358,8538
85665,6081,416263,21528
86891,6083,156903,11859
88048,6085,1102219,49035
89481,6087,82282,7067
90435,6089,50946,4337
91236,6091,212,68
91268,6093,8441,1043
91614,6095,116890,7250
92577,6097,178775,14297
93784,6099,145805,9279
94836,6101,22192,1849
95368,6103,13098,994
95735,6105,1504,244
95852,6107,99961,6531
96756,6109,12806,1266
97132,6111,265180,21519
98453,6113,70273,4234
99298,6115,10834,828
99632,6999,879090,1339
99917,8001,184813,10497
101019,8003,5834,496
101261,8005,296968,19233
102421,8007,3733,524
102616,8009,520,81
102670,8011,574,54
102701,8013,156833,12856
103822,8014,49475,2285
104391,8015,6375,1005
104741,8017,644,65
104769,8019,3111,346
104925,8021,809,120
104993,8023,370,48
105019,8025,495,39
105034,8027,559,148
105100,8029,6509,860
105434,8031,468854,26604
106771,8033,287,58
106798,8035,117725,9652
107735,8037,34864,3518
108360,8039,2866,626
108590,8041,250547,17950
109736,8043,8352,877
110072,8045,21262,2525
110684,8047,4842,131
110745,8049,8954,871
111030,8051,6984,1177
111389,8053,130,65
111413,8055,1063,145
111501,8057,283,64
111533,8059,199991,17576
112691,8061,275,36
112703,8063,1936,273
112844,8065,1443,224
112941,8067,22810,2408
113545,8069,133269,11236
114642,8071,3234,361
114819,8073,1380,136
114889,8075,5073,569
115141,8077,54402,4560
115997,8079,197,68
116033,8081,3366,389
116223,8083,6527,764
116549,8085,12795,1291
116999,8087,10936,709
117285,8089,4299,403
117457,8091,1326,301
117603,8093,1598,491
117791,8095,1073,136
117873,8097,18129,1633
118264,8099,2988,337
118430,8101,51786,3212
119111,8103,1842,196
119215,8105,2504,351
119394,8107,14822,1780
119863,8109,1003,132
119935,8111,222,70
119964,8113,5522,664
120197,8115,434,68
120232,8117,22640,2305
120733,8119,6194,777
121014,8121,514,110
121074,8123,91965,6602
122030,8125,2451,359
122196,8999,139611,811
122407,9001,422988,26947
123729,9003,461158,22701
125031,9005,52519,4693
125872,9007,63621,4215
126710,9009,343018,19355
128002,9011,107959,5924
128863,9013,27887,2405
129436,9015,30243,2111
130005,9999,28948,565
130178,10001,54277,3793
130962,10003,275091,16235
132162,10005,74351,5777
133014,10999,9691,337
133124,11001,528826,23993
134105,12001,100237,6295
135034,12003,5759,398
135208,12005,59187,4673
136027,12007,4468,430
136211,12009,189379,14516
137344,12011,733082,62337
138850,12013,1761,183
138938,12015,39400,4079
139665,12017,30318,2772
140301,12019,44049,3993
140985,12021,136239,12563
142029,12023,19182,1403
142488,12027,5729,490
142689,12029,1334,187
142791,12031,461408,26277
144082,12033,113336,6943
145042,12035,18774,2269
145576,12037,2188,317
145727,12039,8384,658
145983,12041,1879,248
146113,12043,909,119
146171,12045,1691,305
146322,12047,1696,169
146413,12049,4614,400
146592,12051,6758,625
146834,12053,37090,3434
147525,12055,20941,1959
148063,12057,628921,38343
149451,12059,1788,266
149582,12061,47529,4409
150351,12063,9643,797
150662,12065,1558,252
150780,12067,615,98
150830,12069,87243,7659
151783,12071,232778,19540
152954,12073,103869,7721
153862,12075,6162,762
154142,12077,1032,83
154185,12079,2888,295
154331,12081,107967,9512
155372,12083,89254,7360
156298,12085,62750,5784
157179,12086,995962,86855
158789,12087,31744,3829
159483,12089,19531,1948
160009,12091,63186,5528
160805,12093,7440,836
161116,12095,772591,39740
162494,12097,87036,6835
163354,12099,550168,49958
164764,12101,104038,10158
165779,12103,399445,29449
167151,12105,195939,12161
168283,12107,12733,1234
168670,12109,64619,6804
169566,12111,65928,6124
170453,12113,28587,2933
171073,12115,149363,14331
172169,12117,185304,14014
173281,12119,26554,1665
173748,12121,8791,660
174023,12123,4652,400
174215,12125,1609,125
174287,12127,156337,13224
175404,12129,3656,453
175591,12131,22400,2569
176134,12133,4186,410
176319,12999,1464454,1346
176572,13001,5608,381
176736,13003,1566,92
176783,13005,3280,238
176896,13007,262,30
176904,13009,12959,811
177196,13011,3388,287
177333,13013,18540,1314
177759,13015,36040,2163
178362,13017,4708,295
178513,13019,3100,247
178630,13021,74800,4108
179383,13023,1590,169
179460,13025,1397,203
179555,13027,2088,210
179667,13029,6376,708
179919,13031,18826,1495
180352,13033,9936,346
180522,13035,5337,374
180682,13037,605,61
180718,13039,9529,857
181000,13043,2341,226
181119,13045,38833,2131
181645,13047,12738,953
181961,13049,1708,150
182048,13051,147681,8078
183067,13053,1429,100
183117,13055,4762,318
183257,13057,58791,5706
184123,13059,49838,3104
184777,13061,277,39
184792,13063,71159,3781
185477,13065,1641,127
185532,13067,360023,20869
186730,13069,14227,823
187042,13071,11646,895
187369,13073,33186,2529
187939,13075,3302,312
188075,13077,38164,2603
188685,13079,508,107
188739,13081,7333,501
188944,13083,2956,213
189036,13085,8353,736
189312,13087,6969,601
189566,13089,289015,17293
190737,13091,3489,307
190890,13093,2792,151
190975,13095,36694,2222
191553,13097,38685,2670
192172,13099,2969,214
192278,13101,105,28
192288,13103,8229,781
192552,13105,4515,437
192726,13107,4951,376
192920,13109,4052,226
193034,13111,5453,634
193276,13113,43278,3608
193984,13115,37509,2012
194527,13117,77736,6783
195423,13119,6781,461
195601,13121,840711,37892
196962,13123,6271,589
197198,13125,213,27
197213,13127,32263,2595
197819,13129,19993,1027
198193,13131,4764,409
198369,13133,5475,457
198563,13135,337848,24903
199819,13137,11972,861
200108,13139,83924,4569
200960,13141,618,63
200988,13143,5742,467
201172,13145,4199,447
201332,13147,6485,406
201510,13149,1262,109
201562,13151,55750,3931
202254,13153,41427,2587
202794,13155,1521,118
202849,13157,26556,1366
203304,13159,1567,183
203396,13161,3810,242
203526,13163,3753,307
203680,13165,1058,101
203730,13167,879,123
203798,13169,2737,328
203961,13171,3179,259
204078,13173,899,91
204135,13175,16005,1056
204506,13177,4382,414
204688,13179,13781,852
204975,13181,818,145
205054,13183,410,82
205096,13185,42174,2770
205735,13187,4916,529
205969,13189,6056,414
206144,13191,1147,171
206231,13193,1807,173
206313,13195,2364,379
206471,13197,1218,80
206514,13199,2925,284
206644,13201,1303,135
206719,13205,4983,358
206876,13207,6265,529
207114,13209,1152,105
207173,13211,6862,510
207383,13213,6381,408
207562,13215,81640,4359
208294,13217,19983,1457
208732,13219,14201,1234
209123,13221,1157,176
209218,13223,20304,2072
209709,13225,7086,468
209917,13227,6851,717
210198,13229,3097,329
210339,13231,1930,260
210452,13233,10588,609
210677,13235,2082,171
210771,13237,4789,460
210979,13239,197,34
210994,13241,4873,497
211193,13243,1443,129
211258,13245,85150,4261
212021,13247,33671,2073
212576,13249,741,60
212604,13251,2324,221
212720,13253,1587,178
212812,13255,16786,1137
213201,13257,8468,541
213436,13259,731,55
213464,13261,8744,604
213726,13263,585,63
213757,13265,40,14
213760,13267,3648,303
213907,13269,1690,126
213982,13271,2968,176
214073,13273,1808,173
214172,13275,17052,1129
214564,13277,18014,1078
214951,13279,9338,655
215216,13281,2748,281
215349,13283,669,85
215391,13285,34576,1458
215814,13287,1614,153
215904,13289,1600,74
215939,13291,6214,564
216188,13293,5503,457
216370,13295,11267,680
216627,13297,18603,1754
217081,13299,12007,866
217418,13301,905,79
217451,13303,5227,346
217633,13305,6172,578
217873,13307,367,32
217889,13309,725,59
217912,13311,6523,649
218178,13313,48524,2178
218747,13315,671,80
218804,13317,1880,194
218902,13319,2030,136
218991,13321,2917,265
219123,13999,182373,902
219358,15001,56111,4196
220163,15003,368904,21420
221396,15007,28272,2196
221946,15009,67706,4838
222756,15999,32181,238
222841,16001,214169,14788
224034,16003,535,110
224092,16005,25109,2154
224653,16007,998,130
224726,16009,2187,252
224854,16011,10970,908
225185,16013,11872,1532
225627,16015,770,175
225719,16017,13063,1656
226218,16019,54154,3681
226968,16021,2641,404
227153,16023,334,54
227171,16025,190,30
227180,16027,59146,4785
227985,16029,2086,183
228077,16031,8440,734
228385,16033,81,15
228392,16035,1664,226
228514,16037,766,175
228595,16039,4346,457
228826,16041,2416,334
228981,16043,1784,329
229132,16045,2886,407
229330,16047,2845,363
229509,16049,3555,495
229718,16051,4287,561
229939,16053,6474,557
230179,16055,55398,5177
231055,16057,9401,933
231385,16059,1914,298
231527,16061,872,110
231588,16063,574,93
231632,16065,19380,971
231955,16067,5596,447
232153,16069,16753,1139
232566,16071,754,102
232613,16073,1945,198
232720,16075,5731,558
232973,16077,2298,178
233078,16079,3733,355
233247,16081,2700,545
233440,16083,31286,2716
234077,16085,4241,672
234336,16087,1985,208
234455,16999,14449,352
234579,17001,32059,1774
235124,17003,892,91
235166,17005,3898,314
235309,17007,16653,844
235613,17009,3404,110
235668,17011,9803,722
235941,17013,490,74
235982,17015,3334,380
236144,17017,4316,238
236256,17019,69618,4232
237054,17021,7917,703
237323,17023,3936,343
237503,17025,5068,346
237655,17027,8912,849
237948,17029,18983,1143
238328,17031,2437240,134204
240072,17033,6060,416
240263,17035,2010,193
240359,17037,28336,1968
240918,17039,4476,364
241082,17041,6768,582
241339,17043,585492,34049
242755,17045,6212,337
242919,17047,2109,150
242999,17049,26864,1255
243414,17051,4600,473
243641,17053,4338,350
243819,17055,6947,687
244085,17057,5791,608
244322,17059,556,83
244360,17061,1580,210
244469,17063,17241,1184
244843,17065,1597,190
244931,17067,2887,373
245111,17069,590,60
245147,17071,630,102
245202,17073,13075,1014
245548,17075,5711,640
245771,17077,16190,1257
246164,17079,1655,228
246278,17081,18967,932
246633,17083,4421,412
246834,17085,6214,699
247097,17087,1347,168
247178,17089,194210,13054
248366,17091,36106,2291
248975,17093,23758,2244
249541,17095,15184,991
249888,17097,317680,19832
251165,17099,37530,2598
251824,17101,3370,234
251937,17103,10724,704
252213,17105,11206,852
252534,17107,7435,552
252769,17109,8573,639
253027,17111,87858,8066
254057,17113,72469,3530
254777,17115,46084,2311
255381,17117,7970,851
255659,17119,90989,5638
256520,17121,11032,864
256854,17123,2529,244
256966,17125,2064,262
257093,17127,3036,230
257199,17129,1174,194
257293,17131,2440,263
257410,17133,8186,825
257697,17135,7067,689
257960,17137,13435,803
258261,17139,5158,323
258421,17141,13315,1037
258781,17143,103464,4366
259598,17145,4089,392
259768,17147,2410,316
259926,17149,2995,349
260088,17151,334,48
260104,17153,598,87
260158,17155,1192,119
260224,17157,10606,636
260481,17159,5218,450
260694,17161,61613,3041
261385,17163,74730,5150
262239,17165,6456,533
262455,17167,82451,4885
263296,17169,1130,149
263374,17171,590,76
263421,17173,4206,418
263591,17175,863,108
263645,17177,15067,1014
263997,17179,43264,2783
264645,17181,3476,359
264818,17183,23295,1342
265225,17185,2845,256
265354,17187,6249,369
265516,17189,7472,375
265688,17191,3032,382
265865,17193,3222,356
266036,17195,17838,1181
266438,17197,236021,15832
267657,17199,24460,1572
268115,17201,118139,6290
269083,17203,8371,754
269372,17999,204923,957
269598,18001,12132,726
269900,18003,185463,9318
270993,18005,45897,1890
271555,18007,1276,170
271639,18009,2826,240
271764,18011,26598,1601
272243,18013,1999,340
272403,18015,5042,400
272570,18017,12789,664
272848,18019,49604,2531
273514,18021,5990,470
273705,18023,10658,611
273948,18025,1349,131
274028,18027,11255,920
274363,18029,13136,936
274702,18031,11731,647
274982,18033,20984,966
275342,18035,41543,2398
275961,18037,28901,1266
276409,18039,135841,4951
277355,18041,5077,427
277552,18043,29578,1872
278061,18045,3732,309
278207,18047,5849,427
278403,18049,5119,450
278612,18051,18028,687
278909,18053,28260,1269
279334,18055,4680,538
279557,18057,152333,9354
280547,18059,22339,1455
280999,18061,9086,685
281307,18063,64409,3387
281995,18065,11369,846
282322,18067,31965,1812
282845,18069,13178,852
283176,18071,21718,1000
283551,18073,8657,745
283823,18075,5766,417
283996,18077,11531,645
284280,18079,6240,417
284458,18081,50203,3280
285149,18083,14047,843
285477,18085,37988,1970
286050,18087,14342,886
286407,18089,168185,10094
287415,18091,35649,2247
288023,18093,12104,918
288368,18095,35252,2245
288952,18097,533265,23540
290253,18099,18014,1085
290676,18101,2303,204
290775,18103,6869,567
291010,18105,52369,3151
291698,18107,13625,851
292027,18109,13014,1202
292417,18111,2284,242
292532,18113,17958,888
292884,18115,883,69
292923,18117,6940,380
293087,18119,3375,315
293243,18121,2256,272
293374,18123,5622,353
293538,18125,2006,189
293624,18127,56373,3630
294344,18129,9136,497
294569,18131,3999,310
294718,18133,11799,710
294994,18135,5444,475
295203,18137,9407,640
295472,18139,4131,371
295625,18141,123110,5847
296586,18143,6885,400
296761,18145,16198,937
297129,18147,5009,428
297310,18149,3120,305
297451,18151,15036,955
297836,18153,3929,327
297988,18155,1601,130
298046,18157,73250,3684
298810,18159,4600,316
298941,18161,1013,120
299007,18163,105146,5052
299896,18165,3606,259
300033,18167,43228,2405
300641,18169,10829,731
300944,18171,1612,129
301013,18173,15273,1186
301392,18175,4643,465
301603,18177,25712,1430
302086,18179,10790,635
302358,18181,7794,587
302591,18183,12112,682
302887,18999,106790,713
303096,19001,1923,200
303207,19003,936,108
303259,19005,3906,391
303439,19007,3674,278
303565,19009,1339,181
303666,19011,4456,548
303918,19013,63661,3174
304652,19015,6826,595
304915,19017,9195,584
305161,19019,5348,494
305395,19021,8973,540
305652,19023,2476,335
305804,19025,2395,276
305937,19027,10264,857
306289,19029,4775,462
306513,19031,4099,454
306723,19033,20349,1425
307196,19035,3961,340
307369,19037,4302,389
307543,19039,3469,171
307629,19041,7225,581
307882,19043,5460,503
308118,19045,17023,1139
308514,19047,5715,415
308705,19049,40360,2183
309202,19051,1497,170
309303,19053,1786,137
309364,19055,6229,510
309583,19057,19924,1100
309964,19059,7729,782
310270,19061,56000,2767
310979,19063,2953,289
311117,19065,5743,557
311342,19067,5430,392
311533,19069,3232,295
311689,19071,1650,190
311793,19073,3046,259
311925,19075,2957,297
312063,19077,2215,311
312223,19079,4448,382
312415,19081,4082,319
312566,19083,5046,546
312828,19085,2990,355
312992,19087,7745,483
313221,19089,3080,262
313360,19091,3409,291
313490,19093,3337,256
313610,19095,8688,488
313823,19097,4976,530
314055,19099,9158,785
314352,19101,7100,661
314634,19103,66359,3337
315336,19105,4839,514
315558,19107,1643,234
315683,19109,5820,566
315928,19111,14524,853
316261,19113,120891,5688
317177,19115,2994,213
317288,19117,4081,189
317376,19119,3682,398
317565,19121,2792,431
317774,19123,6592,553
318016,19125,16886,862
318342,19127,12631,784
318670,19129,2303,300
318809,19131,3281,314
318983,19133,1914,221
319096,19135,2236,175
319181,19137,3306,292
319325,19139,20619,934
319674,19141,5400,499
319893,19143,1607,191
319982,19145,5290,397
320188,19147,2987,292
320330,19149,10482,676
320603,19151,1800,217
320709,19153,276067,13306
321833,19155,30984,1978
322358,19157,9372,565
322605,19159,1098,143
322679,19161,2212,334
322836,19163,84229,4505
323676,19165,4939,384
323872,19167,18918,1323
324274,19169,31737,2108
324845,19171,4109,312
324995,19173,1803,140
325070,19175,4740,316
325228,19177,1490,146
325307,19179,13912,737
325630,19181,8997,917
325943,19183,6537,670
326213,19185,1427,147
326292,19187,16849,1015
326661,19189,6530,316
326822,19191,9266,620
327106,19193,48232,2626
327775,19195,1831,188
327863,19197,4249,366
328054,19999,39700,441
328202,20001,4255,376
328386,20003,1553,196
328480,20005,5701,362
328654,20007,1183,179
328745,20009,9991,928
329108,20011,4379,352
329267,20013,3624,258
329406,20015,13923,1313
329801,20017,515,66
329828,20019,466,64
329861,20021,5258,326
330040,20023,612,109
330092,20025,405,58
330130,20027,2106,257
330267,20029,2666,282
330398,20031,2720,218
330523,20033,395,68
330557,20035,11489,699
330827,20037,14352,934
331175,20039,588,98
331227,20041,5029,451
331435,20043,1574,150
331503,20045,40811,2757
332129,20047,510,81
332174,20049,309,59
332208,20051,12517,1098
332608,20053,1763,168
332690,20055,15085,1006
333072,20057,14840,786
333382,20059,8286,537
333605,20061,7727,560
333839,20063,927,119
333900,20065,560,87
333940,20067,1881,218
334063,20069,1512,235
334194,20071,339,43
334211,20073,1201,169
334296,20075,533,74
334331,20077,1862,196
334437,20079,13451,756
334758,20081,825,116
334813,20083,235,48
334835,20085,3202,258
334989,20087,2109,299
335127,20089,432,77
335173,20091,344466,18120
336330,20093,720,84
336382,20095,1650,208
336482,20097,766,94
336522,20099,7594,443
336726,20101,351,64
336759,20103,14248,1252
337186,20105,532,85
337226,20107,1239,187
337333,20109,698,110
337392,20111,12325,831
337720,20113,14765,887
338044,20115,2601,278
338193,20117,4033,362
338372,20119,934,120
338439,20121,7045,734
338708,20123,2505,239
338835,20125,13073,762
339152,20127,1212,132
339213,20129,653,79
339256,20131,4501,363
339440,20133,4746,425
339662,20135,922,130
339729,20137,1760,173
339814,20139,1592,242
339938,20141,923,135
340002,20143,826,138
340080,20145,1902,147
340149,20147,1585,226
340261,20149,9038,619
340533,20151,3158,362
340705,20153,645,104
340755,20155,22446,1570
341275,20157,1163,169
341351,20159,2495,268
341482,20161,21030,1610
341950,20163,1334,181
342045,20165,1012,93
342091,20167,1945,245
342227,20169,25929,1465
342731,20171,1510,199
342843,20173,233692,12200
343967,20175,8919,550
344216,20177,76730,4091
345015,20179,728,110
345071,20181,1995,262
345197,20183,891,131
345260,20185,599,126
345328,20187,495,63
345364,20189,1121,132
345430,20191,4261,451
345641,20193,2856,322
345787,20195,859,116
345847,20197,826,122
345908,20199,321,57
345932,20201,1516,197
346023,20203,458,84
346064,20205,3832,208
346151,20207,417,80
346192,20209,70613,3035
346883,20999,32616,529
347050,21001,4045,320
347206,21003,3229,228
347317,21005,3768,331
347462,21007,1152,138
347532,21009,14900,818
347859,21011,1500,129
347934,21013,6856,457
348132,21015,85686,3129
348832,21017,5134,373
349004,21019,21906,1230
349427,21021,13575,745
349711,21023,899,90
349755,21025,3207,178
349859,21027,2475,277
350009,21029,21995,1171
350388,21031,1691,177
350470,21033,3315,291
350610,21035,13710,845
350932,21037,25316,1689
351410,21039,646,93
351460,21041,6285,234
351579,21043,4904,404
351765,21045,3226,227
351884,21047,24363,1312
352306,21049,12302,751
352593,21051,2681,230
352701,21053,2966,179
352802,21055,1662,163
352887,21057,1107,102
352937,21059,41465,2289
353521,21061,854,109
353578,21063,258,41
353599,21065,1590,174
353682,21067,166086,8782
354701,21069,2231,224
354831,21071,7884,693
355108,21073,16516,1183
355496,21075,1395,125
355559,21077,866,83
355611,21079,1490,221
355721,21081,4222,360
355876,21083,9380,660
356156,21085,6533,440
356352,21087,1210,164
356439,21089,4950,454
356629,21091,3538,121
356677,21093,37383,2125
357253,21095,4589,384
357426,21097,4325,273
357545,21099,4170,266
357668,21101,16450,998
358041,21103,1962,209
358151,21105,875,70
358188,21107,14310,946
358514,21109,993,91
358557,21111,459514,19914
359830,21113,16792,1161
360224,21115,3821,357
360392,21117,60453,3157
361073,21119,1817,156
361165,21121,9050,458
361346,21123,1984,197
361437,21125,23288,1197
361878,21127,2494,198
361984,21129,1206,95
362033,21131,1142,99
362095,21133,3145,291
362235,21135,1206,119
362303,21137,2478,298
362434,21139,1626,140
362511,21141,8109,486
362723,21143,1478,168
362807,21145,34544,2093
363391,21147,1433,156
363484,21149,1299,167
363566,21151,25276,1751
364052,21153,1102,154
364129,21155,8701,333
364309,21157,9262,691
364602,21159,1094,133
364681,21161,6756,427
364885,21163,3494,330
365037,21165,535,53
365061,21167,4594,335
365213,21169,1328,114
365271,21171,2644,202
365382,21173,9289,531
365613,21175,1613,145
365693,21177,6437,541
365916,21179,15262,949
366261,21181,470,78
366299,21183,7043,361
366469,21185,13309,1262
366847,21187,927,116
366903,21189,413,43
366924,21191,1718,169
367023,21193,8867,556
367251,21195,17705,1184
367652,21197,1621,165
367740,21199,21246,1406
368197,21201,172,19
368204,21203,2912,194
368309,21205,8155,490
368504,21207,4752,335
368653,21209,23252,943
368966,21211,18935,1051
369370,21213,8526,386
369545,21215,1328,226
369639,21217,10461,628
369872,21219,1457,201
369970,21221,2306,226
370071,21223,786,80
370115,21225,4039,256
370237,21227,56153,2864
370924,21229,3002,240
371043,21231,4270,263
371166,21233,1727,201
371274,21235,11230,593
371496,21237,705,89
371538,21239,8234,566
371755,21999,36624,636
371928,22001,12391,1120
372299,22003,3415,303
372440,22005,40126,2397
373055,22007,2718,243
373167,22009,8058,684
373437,22011,6743,618
373689,22013,3268,220
373797,22015,36668,2537
374430,22017,101831,6142
375352,22019,81292,4715
376198,22021,1669,172
376285,22023,2115,132
376358,22025,1437,169
376439,22027,2364,217
376564,22029,3805,347
376721,22031,4614,440
376930,22033,251568,12271
378057,22035,1165,113
378120,22037,3448,243
378246,22039,6558,518
378471,22041,3671,396
378653,22043,1808,170
378736,22045,23037,1541
379201,22047,11966,554
379450,22049,2538,240
379566,22051,180453,11757
380656,22053,6259,613
380919,22055,130868,8616
381939,22057,26367,1700
382421,22059,3581,360
382559,22061,15547,1093
382953,22063,22334,1850
383444,22065,2501,198
383572,22067,5517,435
383762,22069,11655,809
384056,22071,179443,9593
385071,22073,61398,4185
385855,22075,8484,642
386129,22077,4084,330
386293,22079,45923,3118
386982,22081,1799,128
387055,22083,5593,418
387249,22085,4419,486
387445,22087,8074,692
387722,22089,21554,989
388109,22091,1143,118
388178,22093,6949,308
388334,22095,17080,719
388621,22097,22257,1600
389092,22099,10941,930
389441,22101,19084,1136
389842,22103,80199,6576
390755,22105,37041,2492
391400,22107,412,70
391444,22109,45595,2713
392118,22111,4456,348
392285,22113,9177,970
392650,22115,7202,681
392912,22117,8091,625
393167,22119,10053,765
393485,22121,12203,558
393710,22123,1525,167
393798,22125,3110,188
393882,22127,3836,262
394020,22999,55081,562
394205,23001,44696,2804
394895,23003,20882,1884
395373,23005,175812,11719
396530,23007,9636,865
396846,23009,17219,2311
397393,23011,49340,3229
398094,23013,14959,1766
398584,23015,8910,1395
399013,23017,14147,1324
399409,23019,57335,4118
400201,23021,4716,448
400400,23023,13797,976
400746,23025,12903,1193
401142,23027,9261,990
401507,23029,7315,821
401817,23031,56440,5671
402664,23999,4823,329
402789,24001,23807,1502
403227,24003,247074,14382
404310,24005,335413,19957
405481,24009,19332,1728
405933,24011,7426,611
406194,24013,51824,4218
406929,24015,27213,1761
407429,24017,33750,2616
408004,24019,9872,679
408281,24021,92488,6236
409151,24023,10643,906
409476,24025,75948,5539
410275,24027,178425,9548
411224,24029,6623,588
411488,24031,444313,27376
412624,24033,273474,15447
413687,24035,12760,1394
414131,24037,32995,2014
414610,24039,4011,361
414803,24041,17318,1453
415258,24043,60314,3450
415977,24045,36283,2481
416607,24047,19535,2173
417098,24510,302102,12356
418201,24999,57922,673
418390,25001,77116,8679
419310,25003,52368,3780
420059,25005,203446,12965
421234,25007,5709,1130
421559,25009,300360,19328
422857,25011,20378,1569
423353,25013,175265,9475
424422,25015,50922,3573
425143,25017,930320,44830
426592,25019,5009,1129
426896,25021,336592,20449
428132,25023,178045,12832
429276,25025,662595,22054
430429,25027,316770,18570
431669,25999,71477,698
431857,26001,1171,183
431955,26003,1736,242
432064,26005,38861,2452
432735,26007,10166,801
433056,26009,3908,573
433297,26011,3491,318
433463,26013,1875,174
433559,26015,11259,909
433897,26017,30070,2088
434465,26019,3359,466
434650,26021,55043,3549
435408,26023,11545,808
435750,26025,51721,2440
436384,26027,8144,745
436664,26029,8219,826
436977,26031,4307,738
437249,26033,8445,764
437542,26035,6013,572
437784,26037,16585,1350
438226,26039,3315,297
438365,26041,11920,995
438752,26043,12376,829
439074,26045,42324,2139
439675,26047,15789,1553
440128,26049,120486,7614
441060,26051,3975,412
441242,26053,3854,360
441418,26055,46727,3408
442212,26057,11276,716
442495,26059,10917,755
442796,26061,9198,874
443129,26063,10999,929
443474,26065,114656,6086
444394,26067,11539,872
444726,26069,6411,600
444986,26071,2637,342
445128,26073,24860,1369
445581,26075,51345,2966
446296,26077,113025,5598
447223,26079,4041,324
447383,26081,372282,16962
448708,26083,312,67
448742,26085,1016,151
448820,26087,19971,1703
449340,26089,4749,761
449625,26091,23766,1785
450122,26093,58733,4402
450960,26095,1458,161
451050,26097,2178,449
451236,26099,315000,19101
452463,26101,5805,559
452697,26103,21239,1615
453186,26105,9097,713
453466,26107,9619,707
453759,26109,5526,435
453958,26111,33924,1783
454474,26113,2371,299
454625,26115,35888,2311
455217,26117,13829,995
455588,26119,1742,205
455683,26121,52799,3089
456420,26123,10509,813
456760,26125,721092,39188
458187,26127,4959,484
458400,26129,5348,568
458651,26131,869,166
458744,26133,6792,432
458952,26135,1620,185
459053,26137,9544,807
459388,26139,115670,6324
460407,26141,2041,325
460551,26143,4161,537
460788,26145,79213,4180
461567,26147,40959,3041
462267,26149,19520,1132
462665,26151,8583,806
462968,26153,1781,216
463074,26155,13994,1150
463455,26157,9244,816
463759,26159,16368,1284
464195,26161,159215,8227
465212,26163,661250,32575
466640,26165,12652,876
466987,26999,174596,805
467199,27001,3552,400
467376,27003,124985,8012
468359,27005,10798,924
468696,27007,15425,1212
469123,27009,15991,928
469470,27011,1432,186
469571,27013,35276,1977
470182,27015,13664,801
470507,27017,7391,673
470784,27019,40024,2527
471363,27021,6750,841
471666,27023,5091,387
471861,27025,14361,1270
472278,27027,17973,1346
472713,27029,2351,215
472820,27031,2145,291
472950,27033,3784,342
473121,27035,27612,2205
473712,27037,183470,10702
474805,27039,4668,413
474992,27041,17718,1354
475472,27043,3713,407
475678,27045,4565,574
475949,27047,11208,791
476259,27049,20405,1270
476685,27051,1448,197
476798,27053,912186,40565
478254,27055,4278,406
478448,27057,4709,594
478694,27059,9717,900
479039,27061,13326,1142
479441,27063,4151,297
479585,27065,3178,309
479745,27067,19123,1400
480184,27069,1182,147
480257,27071,3752,387
480441,27073,1779,204
480545,27075,3283,309
480699,27077,1407,155
480785,27079,7735,705
481077,27081,1236,193
481185,27083,12617,808
481516,27085,15419,940
481880,27087,1759,101
481935,27089,1512,249
482055,27091,7582,618
482340,27093,6421,576
482607,27095,8908,707
482906,27097,7916,888
483238,27099,13809,817
483559,27101,2622,283
483708,27103,14111,663
483979,27105,8959,591
484229,27107,1322,180
484336,27109,100499,3594
485062,27111,18517,1716
485563,27113,9538,375
485745,27115,6927,590
485993,27117,3127,328
486164,27119,9215,741
486450,27121,4196,373
486612,27123,304348,13549
487789,27125,600,95
487837,27127,5730,540
488071,27129,4025,461
488271,27131,25301,1529
488766,27133,2722,288
488901,27135,6816,410
489101,27137,88309,5395
490012,27139,50693,3426
490722,27141,23074,2170
491253,27143,3309,372
491430,27145,85227,4410
492273,27147,20521,1002
492680,27149,4313,305
492837,27151,2976,307
492995,27153,5644,559
493211,27155,738,117
493270,27157,5296,555
493523,27159,3806,396
493713,27161,4478,458
493924,27163,81632,6032
494793,27165,3686,296
494935,27167,1657,154
495009,27169,23291,1155
495412,27171,39381,3413
496087,27173,3920,324
496247,27999,86109,681
496444,28001,10394,764
496758,28003,13016,788
497053,28005,1528,181
497142,28007,4532,352
497305,28009,1070,58
497336,28011,8689,687
497599,28013,2069,255
497722,28015,677,127
497786,28017,5520,325
497949,28019,1462,124
498017,28021,2156,105
498070,28023,2093,226
498179,28025,4420,336
498333,28027,6060,517
498557,28029,6068,437
498763,28031,4100,328
498918,28033,56215,3012
499534,28035,33618,1717
500048,28037,1566,118
500100,28039,3625,338
500264,28041,936,127
500338,28043,8388,554
500563,28045,9200,723
500822,28047,75069,4215
501599,28049,99108,5118
502417,28051,2280,247
502539,28053,1522,139
502624,28055,91,17
502627,28057,5309,369
502808,28059,45200,2299
503355,28061,4298,205
503465,28063,547,57
503499,28065,2778,130
503579,28067,22910,1302
503987,28069,1388,110
504050,28071,18093,1289
504461,28073,18834,1442
504910,28075,29132,1832
505424,28077,1873,174
505520,28079,4821,305
505665,28081,47087,2492
506292,28083,12060,670
506558,28085,11293,809
506871,28087,21746,1449
507342,28089,52439,3201
508014,28091,7391,551
508253,28093,7374,441
508444,28095,7689,588
508695,28097,2062,203
508810,28099,10056,509
509013,28101,3392,315
509170,28103,1641,185
509264,28105,13385,913
509600,28107,8582,583
509818,28109,8069,806
510117,28111,1836,138
510179,28113,12218,913
510503,28115,12745,513
510712,28117,5489,482
510909,28119,591,97
510961,28121,55810,3736
511719,28123,10695,488
511929,28125,752,106
511984,28127,5679,418
512162,28129,1968,153
512249,28131,3191,269
512375,28133,5382,427
512589,28135,1674,159
512669,28137,3754,386
512842,28139,6195,378
513018,28141,4905,369
513199,28143,5891,189
513293,28145,10485,504
513498,28147,2046,210
513613,28149,15619,999
513949,28151,12974,1088
514340,28153,4268,370
514502,28155,1706,154
514592,28157,1264,127
514664,28159,5291,376
514851,28161,2547,155
514928,28163,4087,365
515112,28999,24143,397
515250,29001,8324,578
515498,29003,1677,284
515621,29005,1159,185
515721,29007,6806,508
515963,29009,12589,721
516277,29011,2371,235
516374,29013,2937,355
516534,29015,2180,383
516702,29017,1483,210
516802,29019,78049,4659
517618,29021,44179,2102
518233,29023,14097,1032
518602,29025,1317,156
518686,29027,11973,726
518991,29029,13743,1447
519436,29031,37774,2307
520031,29033,1603,203
520130,29035,1095,157
520199,29037,21826,2005
520713,29039,2402,278
520836,29041,1276,205
520935,29043,15145,1872
521452,29045,1076,152
521535,29047,109650,5229
522401,29049,2715,355
522577,29051,36498,2207
523151,29053,3709,374
523338,29055,5563,487
523552,29057,1177,138
523621,29059,1804,293
523760,29061,999,153
523842,29063,2180,216
523958,29065,3515,325
524104,29067,2140,216
524210,29069,6524,646
524441,29071,36834,2627
525093,29073,5386,399
525277,29075,1828,184
525376,29077,162713,8503
526396,29079,1962,224
526507,29081,1816,199
526603,29083,6753,574
526851,29085,852,134
526931,29087,902,129
527001,29089,2493,181
527095,29091,12607,1108
527504,29093,1876,218
527614,29095,344993,18118
528843,29097,51908,2788
529537,29099,40761,3905
530239,29101,10644,905
530581,29103,610,93
530626,29105,11345,747
530918,29107,6568,694
531219,29109,6634,712
531497,29111,2036,179
531597,29113,9547,939
531938,29115,2985,288
532070,29117,5020,415
532266,29119,5761,313
532410,29121,3707,345
532572,29123,3237,259
532689,29125,976,128
532755,29127,11671,786
533050,29129,386,70
533089,29131,6558,674
533354,29133,2163,235
533471,29135,3004,327
533618,29137,1345,180
533712,29139,2206,244
533832,29141,3104,494
534030,29143,6066,385
534186,29145,21408,1210
534578,29147,5874,459
534808,29149,1663,188
534915,29151,4292,268
535046,29153,853,161
535131,29155,3951,330
535276,29157,9584,516
535498,29159,17809,1003
535866,29161,14334,1053
536239,29163,4163,391
536418,29165,43759,2459
537060,29167,7539,588
537307,29169,8500,665
537558,29171,603,90
537600,29173,2680,215
537716,29175,7718,532
537964,29177,2964,339
538137,29179,1397,136
538208,29181,2315,316
538315,29183,137412,8664
539313,29185,1252,166
539393,29186,5305,387
539574,29187,18752,1419
540006,29189,617583,31044
541325,29195,7687,474
541525,29197,389,71
541559,29199,887,139
541637,29201,14122,1068
542020,29203,1239,163
542110,29205,1063,158
542190,29207,8815,670
542442,29209,5190,690
542700,29211,2046,98
542756,29213,24994,1834
543235,29215,4376,452
543435,29217,5742,466
543638,29219,6823,617
543876,29221,3207,350
544020,29223,1952,234
544110,29225,6477,678
544377,29227,169,47
544403,29229,3484,399
544596,29510,204516,9861
545661,29999,61610,646
545860,30001,2643,387
546043,30003,2399,193
546144,30005,1016,126
546219,30007,860,170
546300,30009,2179,414
546495,30011,125,31
546506,30013,30486,2447
547152,30015,729,149
547229,30017,3806,426
547434,30019,536,72
547468,30021,2590,307
547622,30023,2709,256
547737,30025,997,133
547808,30027,3408,426
548005,30029,39692,4326
548810,30031,50667,6009
549702,30033,130,25
549706,30035,1805,219
549820,30037,61,15
549823,30039,651,109
549882,30041,4891,518
550118,30043,1810,291
550250,30045,212,60
550289,30047,6036,825
550630,30049,25671,2395
551271,30051,339,66
551303,30053,3936,608
551560,30055,335,52
551585,30057,1705,391
551765,30059,300,75
551800,30061,785,124
551869,30063,51454,4577
552712,30065,853,109
552777,30067,5135,852
553125,30069,18,8
553126,30071,857,136
553206,30073,1210,179
553305,30075,288,70
553338,30077,1202,169
553430,30079,154,38
553441,30081,9558,1525
553895,30083,4703,505
554115,30085,1702,212
554228,30087,2311,176
554322,30089,2271,373
554505,30091,827,155
554586,30093,13014,1143
555008,30095,2674,253
555139,30097,1221,175
555224,30099,1057,200
555334,30101,1357,164
555418,30103,59,14
555422,30105,2131,262
555563,30107,448,59
555590,30109,124,26
555604,30111,70762,5649
556526,30999,6277,285
556655,31001,12964,968
557020,31003,1580,225
557138,31005,65,14
557145,31007,32,6
557146,31009,23,12
557148,31011,1462,198
557274,31013,2705,292
557442,31015,454,70
557482,31017,897,139
557565,31019,22962,1716
558076,31021,1090,197
558182,31023,1869,211
558281,31025,4413,596
558532,31027,1902,298
558674,31029,1054,163
558762,31031,1511,231
558883,31033,4304,277
559025,31035,1122,194
559134,31037,4480,253
559270,31039,2771,342
559424,31041,3127,372
559597,31043,11891,429
559807,31045,1945,247
559937,31047,9006,688
560226,31049,275,54
560257,31051,1082,110
560316,31053,16610,1003
560675,31055,322661,15941
561817,31057,348,56
561835,31059,1700,221
561950,31061,376,75
561996,31063,455,69
562038,31065,1176,153
562141,31067,6940,655
562417,31069,231,48
562438,31071,563,100
562484,31073,171,57
562511,31075,78,26
562517,31077,323,74
562563,31079,31828,1889
563103,31081,2990,312
563253,31083,632,100
563301,31085,45,19
563304,31087,406,68
563348,31089,3219,421
563534,31091,108,31
563542,31093,1135,180
563633,31095,2616,228
563757,31097,863,112
563813,31099,1736,172
563889,31101,2426,330
564039,31103,41,17
564045,31105,973,126
564112,31107,1759,250
564242,31109,145299,8684
565239,31111,11520,1036
565602,31113,69,21
565611,31115,43,16
565615,31117,19,6
565616,31119,18264,1271
566034,31121,1711,236
566158,31123,764,108
566233,31125,436,91
566283,31127,1465,187
566372,31129,1093,169
566448,31131,4752,470
566657,31133,615,66
566691,31135,902,128
566762,31137,4167,343
566940,31139,1531,236
567055,31141,16796,1031
567456,31143,895,140
567523,31145,3498,404
567739,31147,1763,258
567878,31149,348,47
567893,31151,6056,316
568046,31153,58654,3827
568760,31155,4002,557
568962,31157,12213,1048
569361,31159,5783,471
569559,31161,952,154
569638,31163,593,88
569681,31165,32,16
569686,31167,981,109
569745,31169,1854,208
569850,31171,264,26
569858,31173,1571,130
569931,31175,1276,176
570032,31177,6253,598
570272,31179,3305,242
570407,31181,616,89
570458,31183,108,20
570466,31185,6588,515
570697,31999,31796,366
570843,32001,5250,469
571053,32003,915555,47435
572492,32005,17104,1632
572988,32007,21159,1122
573398,32009,145,9
573399,32011,1824,36
573411,32013,6275,412
573609,32015,1050,96
573661,32017,537,77
573694,32019,10096,826
574008,32021,1145,63
574034,32023,10124,730
574333,32027,1412,60
574361,32029,541,80
574399,32031,204608,12972
575582,32033,2856,182
575664,32510,22261,1890
576226,32999,39635,476
576366,33001,21759,1835
576916,33003,17130,1862
577420,33005,28383,1932
577988,33007,8903,843
578299,33009,51976,2933
578983,33011,191526,11049
580096,33013,63450,4123
580936,33015,147801,9918
582042,33017,40040,2648
582672,33019,11551,911
583029,33999,37645,440
583176,34001,110453,6187
584014,34003,446836,31826
585400,34005,189086,10501
586475,34007,187058,11356
587526,34009,27578,3807
588165,34011,47003,2835
588810,34013,298755,18913
590054,34015,97974,6127
590950,34017,243114,13858
592065,34019,46480,3726
592816,34021,199859,9694
593851,34023,412429,21913
595113,34025,248962,19308
596308,34027,309210,16700
597502,34029,152419,13639
598600,34031,145363,12069
599738,34033,16930,1146
600118,34035,192626,9878
601101,34037,32062,3152
601755,34039,204662,13976
602932,34041,28556,2388
603547,34999,167942,889
603773,35001,273440,15930
605016,35003,484,67
605055,35005,16723,1356
605501,35006,5464,298
605648,35007,3194,379
605827,35009,12518,1003
606194,35011,224,43
606210,35013,53532,3642
606964,35015,26347,1513
607415,35017,6761,575
607676,35019,1055,89
607715,35021,42,14
607718,35023,801,97
607775,35025,26264,1720
608204,35027,5261,669
608467,35028,15074,376
608630,35029,4455,369
608787,35031,16111,954
609106,35033,282,41
609127,35035,11947,953
609468,35037,1840,214
609570,35039,5855,560
609812,35041,3359,323
609966,35043,24998,1764
610459,35045,36497,2527
611084,35047,6307,435
611260,35049,47235,4806
612063,35051,2225,210
612176,35053,2988,236
612285,35055,9492,1056
612638,35057,1499,205
612750,35059,913,90
612797,35061,10785,929
613117,35999,10565,361
613246,36001,183540,9526
614271,36003,11066,753
614538,36005,281091,18451
615534,36007,71656,4141
616347,36009,20814,1576
616826,36011,19261,1552
617302,36013,41002,2764
617988,36015,31018,1721
618520,36017,13398,874
618853,36019,25619,1789
619398,36021,17028,1771
619913,36023,14976,1040
620297,36025,10201,1049
620664,36027,101218,7599
621631,36029,427343,22762
623000,36031,10093,1174
623355,36033,10805,960
623691,36035,14050,1139
624063,36037,17042,1259
624507,36039,10660,1167
624878,36041,938,190
624963,36043,12669,1108
625339,36045,30055,2420
625934,36047,677323,60707
627321,36049,4711,518
627526,36051,13657,1213
627941,36053,17481,1334
628378,36055,361787,17565
629640,36057,15934,1053
630017,36059,580276,48915
631366,36061,2327677,101883
632708,36063,63307,4590
633533,36065,89008,4874
634392,36067,220326,11581
635526,36069,48567,2930
636257,36071,122988,9752
637360,36073,7684,661
637634,36075,24021,2111
638156,36077,19241,1337
638571,36079,22076,2877
639181,36081,602904,51163
640524,36083,45372,3063
641178,36085,109566,9539
642103,36087,118341,10400
643127,36089,26986,1893
643652,36091,74465,5406
644478,36093,55660,3004
645146,36095,5453,575
645396,36097,3662,383
645545,36099,10346,716
645846,36101,25619,1786
646351,36103,594392,49932
647837,36105,22592,1998
648322,36107,8058,767
648628,36109,50689,2348
649237,36111,46888,4856
650092,36113,31608,2240
650660,36115,10567,1070
651050,36117,20186,1713
651527,36119,392824,31580
652775,36121,8720,776
653072,36123,5276,528
653290,36999,335435,929
653510,37001,61650,3346
654229,37003,7948,566
654438,37005,2298,249
654556,37007,5167,388
654728,37009,6060,543
654951,37011,4741,484
655153,37013,12997,1087
655528,37015,5333,289
655653,37017,10869,531
655866,37019,28026,2590
656438,37021,123369,8892
657452,37023,24409,1467
657905,37025,68150,4598
658717,37027,21248,1357
659146,37029,557,111
659208,37031,19996,2036
659741,37033,1759,237
659846,37035,84721,4202
660685,37037,14183,1506
661138,37039,7404,600
661373,37041,4201,362
661548,37043,1833,224
661655,37045,30928,1951
662170,37047,11713,963
662484,37049,29044,2158
663055,37051,93688,5726
663877,37053,5130,670
664128,37055,15244,1989
664582,37057,38091,2826
665249,37059,10160,838
665564,37061,13797,865
665873,37063,200346,7689
666804,37065,11571,721
667083,37067,185736,8661
668126,37069,11167,1097
668472,37071,69160,4258
669276,37073,845,117
669338,37075,1964,163
669412,37077,15711,907
669706,37079,2203,261
669835,37081,262198,13660
671043,37083,13103,949
671349,37085,23344,1744
671836,37087,15652,1401
672262,37089,35339,2800
672963,37091,7477,475
673183,37093,5774,448
673368,37095,734,164
673449,37097,72738,4926
674321,37099,12189,1006
674632,37101,44097,3537
675310,37103,800,132
675383,37105,24077,1336
675823,37107,24138,1173
676240,37109,20220,1782
676725,37111,14497,770
677026,37113,9864,1146
677422,37115,3049,343
677567,37117,4978,447
677754,37119,655533,33186
679109,37121,4131,360
679272,37123,8164,493
679487,37125,32880,2319
680057,37127,37739,2083
680610,37129,102660,7830
681581,37131,4551,250
681709,37133,37064,2904
682309,37135,49242,3328
682973,37137,2285,237
683105,37139,11068,910
683436,37141,9528,1153
683793,37143,1391,191
683892,37145,8492,699
684150,37147,61820,3659
684883,37149,3970,478
685070,37151,40211,2494
685728,37153,11495,810
686004,37155,33444,1777
686454,37157,21114,1614
686929,37159,48004,2682
687589,37161,15719,1233
687986,37163,12852,971
688330,37165,9578,582
688548,37167,16698,1340
688965,37169,6213,632
689204,37171,30051,1610
689675,37173,3658,375
689813,37175,7973,875
690117,37177,552,72
690149,37179,59403,5006
690963,37181,13221,841
691260,37183,497013,30266
692524,37185,2037,262
692651,37187,2597,222
692757,37189,19081,1668
693223,37191,33298,2148
693777,37193,18835,1160
694157,37195,31696,1767
694665,37197,8516,613
694915,37199,3693,324
695081,37999,97465,827
695316,38001,717,97
695357,38003,3509,356
695524,38005,906,72
695566,38007,264,57
695594,38009,1679,252
695723,38011,1093,156
695796,38013,325,70
695837,38015,47861,3025
696550,38017,108178,5603
697455,38019,1172,141
697533,38021,1482,201
697651,38023,483,89
697700,38025,2773,189
697786,38027,518,79
697821,38029,679,128
697886,38031,1353,139
697953,38033,374,66
697985,38035,34893,1892
698558,38037,395,73
698601,38039,555,91
698646,38041,453,93
698697,38043,569,74
698726,38045,999,146
698804,38047,442,69
698836,38049,795,123
698918,38051,793,114
698970,38053,8004,576
699172,38055,2569,259
699309,38057,3770,240
699438,38059,10463,869
699768,38061,4104,408
699943,38063,684,125
700026,38065,557,46
700049,38067,2469,260
700194,38069,1411,167
700292,38071,4351,452
700520,38073,1488,201
700642,38075,492,111
700704,38077,6130,520
700913,38079,2171,194
701009,38081,1916,116
701075,38083,129,40
701092,38085,563,31
701109,38087,66,15
701118,38089,15241,1177
701518,38091,526,63
701554,38093,9100,664
701848,38095,461,83
701898,38097,2635,285
702034,38099,3342,384
702216,38101,26390,2043
702802,38103,1295,177
702902,38105,22156,1547
703328,38999,7590,206
703417,39001,4360,389
703608,39003,46156,2345
704257,39005,18909,1038
704635,39007,24440,1880
705196,39009,13562,1045
705549,39011,20741,989
705938,39013,18953,1375
706365,39015,5621,545
706593,39017,141966,7259
707578,39019,5380,453
707788,39021,9594,584
708050,39023,39729,2198
708641,39025,52499,3603
709401,39027,15131,724
709704,39029,26882,1955
710259,39031,8585,627
710547,39033,12435,772
710840,39035,669407,31780
712274,39037,17073,1161
712670,39039,13398,808
712996,39041,86243,4811
713813,39043,32581,1805
714344,39045,37156,2687
714973,39047,9831,589
715226,39049,670124,29192
716564,39051,16107,935
716908,39053,9549,571
717157,39055,30039,2753
717803,39057,56628,3260
718452,39059,13689,844
718773,39061,498435,20916
720105,39063,44225,1663
720611,39065,7045,437
720813,39067,3093,266
720949,39069,8023,544
721185,39071,8585,676
721456,39073,5250,479
721663,39075,18572,1305
722073,39077,18201,1085
722442,39079,8457,619
722696,39081,18659,1232
723060,39083,18353,1105
723454,39085,86547,5611
724375,39087,10342,794
724681,39089,55592,3042
725369,39091,16905,829
725683,39093,85744,5516
726576,39095,195017,9367
727653,39097,14507,679
727929,39099,85266,5360
728857,39101,22200,1088
729244,39103,54831,3978
730056,39105,2698,322
730202,39107,16907,1028
730581,39109,36404,2101
731161,39111,1838,259
731285,39113,234554,11044
732409,39115,2253,158
732500,39117,3864,405
732670,39119,28458,1710
733187,39121,1906,219
733303,39123,10209,1019
733671,39125,3876,302
733805,39127,4965,425
733992,39129,10783,804
734304,39131,7484,418
734482,39133,47987,3000
735169,39135,9552,660
735422,39137,10246,736
735710,39139,40279,2658
736379,39141,22592,1230
736817,39143,22818,1289
737265,39145,18850,1252
737638,39147,16947,1033
738011,39149,25889,965
738386,39151,147315,8071
739429,39153,248954,13201
740610,39155,59481,3899
741377,39157,30714,2119
741975,39159,25554,1068
742382,39161,10520,548
742603,39163,1691,145
742681,39165,82565,4419
743480,39167,23401,1355
743958,39169,42436,2514
744590,39171,15924,797
744915,39173,58059,2718
745614,39175,8892,487
745842,39999,169474,1035
746098,40001,3069,222
746211,40003,913,135
746275,40005,2081,258
746412,40007,1179,147
746488,40009,8872,744
746772,40011,2369,255
746896,40013,10901,809
747207,40015,4914,459
747402,40017,30034,2791
748042,40019,20147,1602
748530,40021,9423,755
748838,40023,3260,292
748983,40025,328,68
749017,40027,72124,5818
749834,40029,852,85
749878,40031,32384,2123
750427,40033,1310,78
750463,40035,3866,354
750617,40037,17142,1374
751053,40039,10131,922
751402,40041,7918,749
751698,40043,1306,166
751790,40045,961,112
751858,40047,21659,1601
752363,40049,7800,700
752644,40051,11105,1127
753021,40053,842,125
753097,40055,476,75
753131,40057,455,49
753151,40059,469,87
753195,40061,2538,217
753316,40063,2033,203
753427,40065,6663,519
753645,40067,970,101
753699,40069,2131,170
753779,40071,14607,1080
754178,40073,6448,493
754379,40075,1342,182
754470,40077,3264,153
754552,40079,6834,791
754855,40081,5898,562
755106,40083,6991,885
755446,40085,5313,157
755524,40087,8571,902
755857,40089,8457,610
756093,40091,3151,347
756265,40093,1954,256
756406,40095,4383,303
756552,40097,11447,786
756881,40099,3692,277
757009,40101,23210,1370
757463,40103,3905,208
757576,40105,1445,149
757660,40107,1809,161
757742,40109,386898,24047
759025,40111,6843,654
759285,40113,5730,595
759526,40115,8857,562
759743,40117,3221,255
759850,40119,24015,1843
760396,40121,10973,919
760742,40123,14073,961
761096,40125,17537,1312
761528,40127,1836,189
761630,40129,563,84
761663,40131,30078,1799
762193,40133,5324,438
762387,40135,6934,583
762607,40137,11928,1083
762983,40139,7866,443
763186,40141,1024,125
763245,40143,343395,19035
764510,40145,8562,994
764857,40147,18297,1124
765235,40149,1515,220
765329,40151,2548,270
765465,40153,7465,763
765771,40999,53897,499
765946,41001,4454,519
766183,41003,29149,2182
766730,41005,147709,12265
767905,41007,15577,1532
768383,41009,8854,966
768721,41011,18498,1566
769219,41013,4357,554
769442,41015,5485,706
769701,41017,71896,7669
770683,41019,31836,2592
771295,41021,571,69
771336,41023,1538,219
771439,41025,1457,201
771557,41027,10792,1029
771933,41029,77088,6412
772885,41031,4488,417
773080,41033,24136,2048
773656,41035,17211,1567
774135,41037,1338,205
774236,41039,127760,10024
775386,41041,14815,1571
775831,41043,37607,2688
776496,41045,8387,710
776798,41047,111350,8565
777820,41049,3763,193
777934,41051,453756,27789
779368,41053,15484,1524
779824,41055,488,54
779862,41057,7332,729
780154,41059,23984,1543
780644,41061,7558,765
780943,41063,1780,365
781108,41065,7906,709
781403,41067,290205,15945
782607,41069,140,27
782615,41071,31947,2615
783247,41999,22729,540
783417,42001,29542,1957
783967,42003,704581,33731
785375,42005,14358,1269
785777,42007,50861,3350
786472,42009,12662,1066
786852,42011,162134,8354
787925,42013,53539,3205
788628,42015,18887,1314
789050,42017,256809,19456
790353,42019,85841,4959
791255,42021,46181,3049
791918,42023,1671,114
791977,42025,13507,1152
792344,42027,46608,3356
793099,42029,260642,14849
794295,42031,11039,943
794636,42033,25535,1913
795154,42035,10777,767
795462,42037,23240,1394
795912,42039,27125,1950
796481,42041,125876,6139
797395,42043,151385,6850
798372,42045,224336,12883
799460,42047,13952,885
799800,42049,116333,6194
800774,42051,33867,2518
801374,42053,1029,96
801416,42055,51117,3079
802120,42057,5775,250
802246,42059,12437,697
802525,42061,9735,826
802843,42063,24192,1827
803366,42065,15130,1106
803750,42067,6156,490
803946,42069,91930,5196
804806,42071,242635,13287
806033,42073,26034,1926
806575,42075,48371,2752
807223,42077,183734,8579
808287,42079,137561,7112
809268,42081,45644,2768
809906,42083,12291,958
810242,42085,44298,2774
810943,42087,14954,974
811297,42089,47784,3395
812003,42091,528077,26354
813370,42093,15002,456
813561,42095,113005,6353
814541,42097,23402,1649
814999,42099,5930,795
815292,42101,668557,29077
816576,42103,8821,930
816901,42105,4741,359
817082,42107,40831,2708
817690,42109,15571,894
818019,42111,19890,1651
818505,42113,880,157
818591,42115,6781,811
818895,42117,10388,854
819211,42119,16857,948
819554,42121,15554,1155
819958,42123,13416,866
820287,42125,86667,5176
821152,42127,12550,1300
821555,42129,127911,8439
822590,42131,10473,652
822867,42133,168358,8662
823942,42999,102128,1269
824188,44001,14273,1266
824616,44003,71197,4696
825442,44005,32768,2756
826057,44007,278048,16033
827310,44009,43260,3738
828046,44999,5402,312
828172,45001,4101,326
828314,45003,50104,2844
828961,45005,1825,117
829019,45007,63173,3809
829751,45009,2961,264
829877,45011,4309,333
830028,45013,57733,5496
830800,45015,55413,3407
831508,45017,3404,231
831608,45019,209573,14397
832759,45021,18967,920
833095,45023,7686,529
833306,45025,13995,690
833563,45027,5636,483
833765,45029,7358,748
834022,45031,17655,1087
834395,45033,6320,449
834567,45035,32400,2478
835156,45037,4945,311
835314,45039,5506,315
835452,45041,67075,3138
836135,45043,20426,1832
836620,45045,245614,13859
837799,45047,22384,1302
838227,45049,3389,313
838367,45051,115376,9369
839317,45053,8447,702
839597,45055,16097,1119
839995,45057,21700,1516
840452,45059,18358,920
840780,45061,2069,194
840885,45063,108960,6764
841828,45065,1023,88
841870,45067,5760,480
842068,45069,5251,316
842214,45071,12456,767
842488,45073,19924,1604
842951,45075,25300,1613
843374,45077,27097,2079
843905,45079,162412,9116
844891,45081,4120,232
845018,45083,141317,6662
846029,45085,32663,1763
846540,45087,6366,402
846711,45089,6823,477
846915,45091,90388,5391
847819,45999,185547,674
848021,46003,627,83
848076,46005,6818,566
848307,46007,695,58
848335,46009,1017,167
848430,46011,14100,896
848761,46013,18313,1254
849203,46015,2001,227
849317,46017,162,10
849319,46019,2198,338
849490,46021,377,56
849518,46023,2283,278
849653,46025,586,130
849728,46027,3789,305
849874,46029,14252,1110
850287,46031,170,36
850307,46033,1398,292
850438,46035,10531,719
850743,46037,1408,201
850851,46039,867,132
850924,46041,552,78
850959,46043,799,103
851019,46045,819,129
851091,46047,2511,209
851180,46049,429,72
851223,46051,3366,285
851367,46053,1056,187
851471,46055,628,82
851521,46057,1335,192
851622,46059,1008,131
851688,46061,349,75
851733,46063,445,47
851757,46065,6743,652
852058,46067,2000,217
852172,46069,470,48
852196,46071,263,53
852223,46073,1225,81
852263,46075,269,51
852287,46077,1175,156
852358,46079,3910,370
852532,46081,10120,1090
852928,46083,21375,1731
853384,46085,532,74
853428,46087,932,187
853535,46089,295,69
853562,46091,1105,146
853634,46093,5453,707
853929,46095,161,19
853936,46097,545,80
853978,46099,120386,5834
854901,46101,1544,156
854987,46102,1931,70
855023,46103,48223,3770
855811,46105,723,121
855875,46107,529,101
855940,46109,2051,238
856053,46111,349,51
856081,46115,1211,178
856159,46117,881,115
856223,46119,288,60
856252,46121,955,51
856278,46123,1703,203
856395,46125,1419,243
856524,46127,9270,528
856746,46129,1818,217
856874,46135,11651,703
857173,46137,309,45
857196,46999,2240,245
857304,47001,41120,1535
857765,47003,14983,800
858075,47005,3287,288
858213,47007,820,109
858274,47009,43072,2371
858888,47011,41548,1962
859398,47013,6982,564
859616,47015,1767,211
859719,47017,5467,419
859918,47019,9030,696
860145,47021,7054,626
860380,47023,3109,238
860488,47025,7998,437
860686,47027,1049,112
860760,47029,6107,468
860925,47031,19426,1218
861315,47033,2071,225
861429,47035,15831,1094
861790,47037,464535,20293
863071,47039,2947,212
863188,47041,4910,293
863332,47043,14796,990
863673,47045,12975,786
863959,47047,6990,630
864210,47049,4161,259
864332,47051,12868,700
864624,47053,11623,911
864944,47055,9139,530
865161,47057,2556,226
865278,47059,22850,1154
865671,47061,1284,159
865751,47063,28567,1291
866147,47065,195393,9244
867239,47067,403,52
867267,47069,5687,337
867414,47071,6709,491
867619,47073,10374,616
867854,47075,4584,294
867975,47077,6484,498
868200,47079,8835,702
868486,47081,2391,297
868629,47083,1010,98
868688,47085,4608,327
868844,47087,777,98
868893,47089,11633,725
869180,47091,3348,235
869285,47093,224143,11694
870389,47095,624,66
870427,47097,4740,300
870562,47099,9137,738
870852,47101,2454,213
870953,47103,9230,574
871208,47105,13672,945
871534,47107,17218,912
871866,47109,4604,404
872035,47111,3659,308
872189,47113,53679,2532
872805,47115,6199,429
872991,47117,8369,512
873229,47119,31853,1837
873755,47121,1770,106
873798,47123,12575,717
874068,47125,46238,3000
874684,47127,1142,76
874716,47129,1298,154
874787,47131,8773,637
875028,47133,3895,330
875206,47135,1765,106
875265,47137,668,81
875306,47139,1338,223
875412,47141,31917,1845
875957,47143,8834,495
876165,47145,9169,745
876440,47147,20049,1202
876858,47149,114372,5517
877736,47151,3828,324
877901,47153,1959,180
877994,47155,43528,2859
878542,47157,447904,19536
879779,47159,4105,274
879920,47161,1646,164
880001,47163,62926,3362
880724,47165,48173,3347
881425,47167,10232,722
881683,47169,1440,111
881737,47171,3633,235
881848,47173,1742,212
881963,47175,469,43
881977,47177,9783,720
882255,47179,55010,2931
882923,47181,2770,214
883038,47183,8250,553
883255,47185,5706,415
883430,47187,132696,7483
884320,47189,43013,2818
884939,47999,89190,738
885147,48001,11749,871
885460,48003,6264,432
885633,48005,29020,1859
886173,48007,4172,503
886379,48009,1168,218
886485,48011,281,50
886507,48013,12264,815
886816,48015,7433,673
887127,48017,1375,144
887210,48019,3162,388
887394,48021,15490,1468
887846,48023,840,104
887904,48025,5427,481
888123,48027,97978,5340
888918,48029,778555,36838
890305,48031,2468,340
890468,48033,29,8
890469,48035,2340,298
890609,48037,33291,2181
891167,48039,97006,5911
892063,48041,72185,4523
892856,48043,2555,273
892998,48045,144,36
893011,48047,1572,112
893082,48049,13552,846
893404,48051,3105,330
893569,48053,12805,1297
893998,48055,6352,628
894254,48057,9970,438
894451,48059,1713,233
894582,48061,110105,6512
895512,48063,2638,210
895618,48065,893,131
895685,48067,5917,530
895904,48069,1241,157
895990,48071,14762,701
896278,48073,11542,793
896590,48075,1550,165
896685,48077,825,140
896757,48079,236,38
896776,48081,242,58
896800,48083,1459,198
896899,48085,453019,25558
898078,48087,486,65
898107,48089,6273,544
898353,48091,55173,3978
899153,48093,2554,250
899288,48095,382,47
899304,48097,15303,943
899671,48099,9720,738
899943,48101,124,27
899952,48103,1299,91
900016,48105,1052,119
900079,48107,604,92
900125,48109,719,54
900147,48111,1752,217
900252,48113,1534430,67311
901856,48115,2843,275
901983,48117,5471,374
902179,48119,266,54
902200,48121,234142,16086
903348,48123,5408,450
903550,48125,231,40
903571,48127,5465,228
903679,48129,377,71
903717,48131,2007,153
903811,48133,4854,457
904000,48135,67542,3869
904689,48137,317,39
904705,48139,46208,3221
905422,48141,244644,14960
906608,48143,13293,995
906976,48145,1747,220
907086,48147,5665,504
907293,48149,7246,764
907624,48151,457,66
907658,48153,894,143
907734,48155,171,25
907741,48157,182759,14535
908863,48159,6718,173
908952,48161,3126,367
909120,48163,5847,319
909283,48165,4991,482
909478,48167,88887,6020
910386,48169,1322,123
910445,48171,10207,1078
910836,48173,356,35
910847,48175,1003,129
910908,48177,5013,412
911111,48179,5900,535
911343,48181,41210,2636
911992,48183,67774,4022
912796,48185,6121,436
912999,48187,35064,2222
913608,48189,9947,669
913891,48191,403,68
913920,48193,1982,222
914031,48195,1162,152
914127,48197,775,90
914172,48199,8961,838
914497,48201,2110957,104302
916206,48203,19694,1309
916660,48205,1191,114
916729,48207,1022,136
916799,48209,64405,4597
917611,48211,1369,134
917681,48213,13848,1328
918117,48215,205275,12437
919179,48217,7778,643
919446,48219,7524,493
919656,48221,14295,1414
920132,48223,10069,749
920423,48225,3424,333
920584,48227,9797,764
920895,48229,393,34
920911,48231,25406,1562
921386,48233,5980,425
921563,48235,485,55
921595,48237,1752,218
921707,48239,4928,340
921883,48241,8459,614
922139,48243,386,61
922161,48245,103210,5663
923051,48247,1211,84
923099,48249,14012,797
923372,48251,39143,3010
924064,48253,2112,258
924183,48255,5485,336
924344,48257,27909,2108
924902,48259,15251,1476
925400,48261,140,16
925410,48263,72,12
925412,48265,17611,1502
925894,48267,889,143
925961,48271,535,40
925977,48273,6991,545
926214,48275,638,90
926264,48277,18660,1218
926685,48279,2012,237
926801,48281,4244,407
926980,48283,1615,142
927055,48285,5594,480
927272,48287,6538,406
927449,48289,4323,352
927620,48291,14204,1116
928006,48293,5405,393
928204,48295,1016,77
928248,48297,3687,291
928382,48299,3676,478
928584,48301,103,6
928585,48303,118487,7400
929584,48305,645,79
929632,48307,1993,206
929735,48309,106901,5359
930644,48311,425,46
930665,48313,2607,266
930796,48315,1619,151
930872,48317,1320,117
930929,48319,790,139
930999,48321,8156,732
931314,48323,12997,811
931583,48325,7639,775
931882,48327,193,46
931905,48329,105301,5783
932750,48331,3620,407
932932,48333,833,113
932989,48335,1217,131
933053,48337,3560,425
933237,48339,175555,12375
934349,48341,8252,456
934552,48343,2864,223
934659,48345,152,24
934663,48347,18690,1285
935102,48349,13820,952
935471,48351,791,128
935539,48353,5349,340
935693,48355,144897,8084
936703,48357,3531,352
936870,48359,553,45
936896,48361,19024,1307
937324,48363,5973,602
937575,48365,7153,473
937799,48367,30874,2971
938481,48369,4081,193
938584,48371,4242,349
938746,48373,8564,769
939052,48375,62170,3483
939828,48377,987,130
939904,48379,1537,182
939986,48381,33847,2644
940607,48383,1757,127
940674,48385,673,90
940725,48387,1405,166
940817,48389,6102,360
940962,48391,1728,143
941023,48393,96,19
941031,48395,3128,266
941178,48397,28547,2479
941765,48399,2023,220
941875,48401,9879,794
942188,48403,1551,186
942296,48405,1282,134
942376,48407,1003,222
942486,48409,15838,1063
942856,48411,823,149
942923,48413,483,49
942944,48415,5142,422
943135,48417,1527,129
943195,48419,6562,503
943421,48421,353,62
943451,48423,94185,5940
944393,48425,3261,218
944510,48427,8853,578
944726,48429,2251,246
944841,48431,289,48
944870,48433,384,49
944897,48435,1128,119
944957,48437,951,124
945016,48439,822823,43417
946514,48441,57996,3545
947304,48443,55,15
947306,48445,2088,222
947433,48447,264,47
947458,48449,14726,637
947710,48451,40511,2791
948392,48453,638903,37501
949787,48455,1740,179
949885,48457,2292,277
950017,48459,4879,524
950236,48461,1350,82
950283,48463,7564,639
950557,48465,11602,817
950866,48467,8982,925
951180,48469,33676,2289
951785,48471,13143,1033
952168,48473,13230,837
952507,48475,4818,332
952641,48477,12802,919
952998,48479,79678,5572
953770,48481,11331,1007
954129,48483,1231,167
954210,48485,45482,3023
954923,48487,4532,280
955064,48489,2357,189
955159,48491,171694,11943
956199,48493,7083,737
956476,48495,3339,184
956589,48497,18781,1373
957021,48499,8167,803
957328,48501,2270,185
957419,48503,5873,569
957650,48505,1419,137
957721,48507,1329,95
957782,48999,481567,1319
958060,49001,1744,179
958146,49003,18941,1210
958538,49005,45600,3551
959272,49007,5762,468
959479,49009,108,25
959489,49011,93376,7722
960463,49013,5549,641
960678,49015,2123,190
960756,49017,1514,185
960831,49019,4649,508
961046,49021,15254,1549
961518,49023,2788,236
961634,49025,3128,275
961746,49027,3014,256
961879,49029,2121,319
962015,49031,69,25
962023,49033,599,106
962083,49035,633710,33028
963534,49037,3025,249
963644,49039,5036,462
963863,49041,6876,545
964095,49043,28700,2519
964664,49045,11700,936
965010,49047,9153,1060
965370,49049,234723,14787
966528,49051,7415,1045
966877,49053,56729,5622
967717,49055,714,98
967761,49057,84965,5620
968668,49999,84791,508
968833,50001,14052,1166
969260,50003,15873,1325
969682,50005,8872,906
970039,50007,89488,5662
970947,50009,547,112
971006,50011,13163,1032
971381,50013,772,181
971476,50015,11138,960
971832,50017,6366,703
972103,50019,8393,769
972425,50021,24022,2030
972983,50023,25956,2179
973597,50025,20695,1655
974111,50027,20141,1940
974646,50999,1718,209
974739,51001,9075,714
975034,51003,41641,2838
975677,51005,2533,250
975797,51007,1925,277
975930,51009,6136,565
976154,51011,2376,281
976285,51013,148180,6416
977013,51015,21666,1419
977467,51017,1872,122
977541,51019,17799,1736
978033,51021,1246,71
978063,51023,10717,750
978349,51025,2247,245
978470,51027,5090,373
978628,51029,1748,252
978746,51031,17184,1162
979129,51033,4091,386
979300,51035,4077,409
979466,51036,1609,156
979543,51037,1897,213
979648,51041,118013,7579
980547,51043,2793,365
980701,51045,378,66
980729,51047,13167,1031
981097,51049,771,136
981182,51051,1972,193
981292,51053,5814,359
981450,51057,3310,287
981594,51059,656234,31619
982737,51061,19330,1912
983225,51063,2601,323
983368,51065,2787,396
983532,51067,13069,1164
983921,51069,26243,1552
984396,51071,3464,286
984538,51073,7580,862
984867,51075,18668,693
985148,51077,1403,158
985233,51079,2735,349
985390,51081,2215,99
985438,51083,9883,680
985702,51085,49245,3239
986413,51087,187061,9485
987395,51089,11033,798
987686,51091,370,88
987728,51093,9975,704
987992,51095,28207,1736
988459,51097,634,117
988522,51099,5469,488
988692,51101,3501,358
988850,51103,4004,436
989025,51105,2386,252
989151,51107,168351,11028
990104,51109,7582,621
990351,51111,1747,159
990431,51113,2507,280
990568,51115,1144,182
990657,51117,9176,796
990967,51119,2190,312
991114,51121,30444,1987
991630,51125,3529,352
991804,51127,3552,402
991983,51131,2995,315
992126,51133,1707,301
992261,51135,3355,312
992408,51137,6930,634
992662,51139,4315,422
992850,51141,4445,283
992988,51143,8454,838
993287,51145,5599,705
993542,51147,7367,518
993758,51149,8308,476
993957,51153,110456,8536
994821,51155,11654,613
995058,51157,1098,202
995166,51159,2019,168
995247,51161,29390,1987
995787,51163,4994,437
995973,51165,28951,1530
996409,51167,6136,464
996611,51169,3784,257
996735,51171,12650,876
997042,51173,9280,489
997230,51175,2140,216
997333,51177,33029,2539
997915,51179,33663,2374
998463,51181,1308,81
998511,51183,1881,188
998602,51185,11888,966
998951,51187,11341,833
999272,51191,17299,1149
999639,51193,2457,315
999793,51195,7897,642
1000043,51197,9979,680
1000317,51199,20740,1514
1000744,51510,83150,4627
1001417,51520,8415,550
1001626,51530,1967,110
1001669,51540,35551,2035
1002229,51550,94522,5578
1003061,51570,9805,652
1003299,51580,3690,205
1003391,51590,24443,1254
1003772,51595,4083,231
1003889,51600,26823,1996
1004345,51610,10555,893
1004642,51620,3516,260
1004771,51630,21243,1405
1005194,51640,5789,308
1005345,51650,42945,2349
1005909,51660,25946,1641
1006379,51670,5999,411
1006558,51678,3914,261
1006681,51680,57404,2239
1007268,51683,16954,1522
1007697,51685,3155,330
1007821,51690,8884,508
1008023,51700,91021,3726
1008717,51710,108816,5386
1009569,51720,4538,213
1009662,51730,12055,708
1009921,51735,1454,222
1010009,51740,25744,1655
1010481,51750,4130,299
1010609,51760,128474,6323
1011534,51770,75238,3132
1012253,51775,19322,1010
1012613,51790,10558,749
1012908,51800,25065,1684
1013361,51810,160538,11316
1014367,51820,9103,611
1014602,51830,9416,524
1014795,51840,25529,1354
1015199,51999,71084,766
1015403,53001,4546,382
1015561,53003,4902,447
1015776,53005,71323,4730
1016567,53007,32096,2613
1017208,53009,18421,2081
1017784,53011,149890,11498
1018850,53013,880,117
1018913,53015,34670,2226
1019531,53017,8062,798
1019826,53019,962,142
1019896,53021,22756,1720
1020365,53023,310,41
1020390,53025,23351,1875
1020914,53027,15822,1548
1021355,53029,13061,1835
1021856,53031,7093,1080
1022249,53033,1273043,70619
1023852,53035,63818,6052
1024692,53037,12381,1316
1025116,53039,3917,543
1025345,53041,21311,1944
1025902,53043,1706,262
1026023,53045,9757,1065
1026380,53047,8090,1121
1026755,53049,4360,589
1026990,53051,1776,230
1027103,53053,270855,18589
1028316,53055,5232,1034
1028680,53057,44580,3613
1029441,53059,1575,194
1029532,53061,262857,19292
1030759,53063,197989,13458
1031950,53065,8059,916
1032293,53067,75644,6444
1033183,53069,457,82
1033224,53071,20805,1416
1033697,53073,78090,6838
1034709,53075,10823,838
1034998,53077,72140,4852
1035833,53999,40968,665
1036045,54001,2732,208
1036160,54003,27017,1658
1036593,54005,3829,255
1036734,54007,2947,245
1036867,54009,6840,353
1037025,54011,46730,2343
1037632,54013,743,89
1037690,54015,830,69
1037731,54017,845,68
1037770,54019,8231,719
1038029,54021,956,117
1038093,54023,2524,229
1038212,54025,10672,890
1038531,54027,2591,319
1038690,54029,8533,564
1038915,54031,4898,266
1039060,54033,31079,1803
1039595,54035,6964,492
1039815,54037,12762,889
1040128,54039,79541,4636
1040956,54041,4262,342
1041135,54043,1648,166
1041226,54045,9029,592
1041460,54047,1671,218
1041576,54049,14894,1135
1041944,54051,8851,493
1042144,54053,4023,325
1042288,54055,17233,1188
1042669,54057,6187,437
1042854,54059,3183,347
1043012,54061,47192,2340
1043583,54063,1292,171
1043670,54065,2064,224
1043780,54067,6567,556
1043993,54069,27226,1343
1044429,54071,1134,138
1044505,54073,2228,122
1044565,54075,3014,219
1044676,54077,5455,525
1044882,54079,18246,1205
1045268,54081,26416,1704
1045768,54083,9018,650
1046047,54085,2616,190
1046143,54087,2191,223
1046251,54089,1353,162
1046338,54091,2477,223
1046453,54093,1766,150
1046531,54095,1354,128
1046588,54097,6321,516
1046805,54099,6951,485
1047021,54101,1084,125
1047081,54103,4008,334
1047236,54105,273,51
1047263,54107,29749,1943
1047798,54109,2294,268
1047933,54999,9899,345
1048083,55001,3078,331
1048239,55003,6978,473
1048474,55005,17571,1322
1048928,55007,2191,424
1049103,55009,147199,6615
1050135,55011,3145,299
1050267,55013,3227,389
1050442,55015,12615,871
1050763,55017,21856,1595
1051257,55019,8669,753
1051563,55021,20776,1400
1052023,55023,5775,370
1052205,55025,299643,14316
1053398,55027,32302,1725
1053904,55029,10243,1298
1054312,55031,14296,1028
1054682,55033,15400,910
1055034,55035,53542,2646
1055683,55037,628,105
1055745,55039,43834,2284
1056344,55041,1394,216
1056435,55043,13556,1191
1056832,55045,13217,981
1057193,55047,4680,446
1057385,55049,9007,551
1057605,55051,1380,191
1057697,55053,5843,415
1057885,55055,30062,2010
1058437,55057,6809,545
1058660,55059,62322,3284
1059378,55061,4884,463
1059589,55063,64775,3093
1060307,55065,3005,343
1060464,55067,6419,551
1060700,55069,9022,696
1060990,55071,29811,1710
1061531,55073,66913,3415
1062307,55075,15492,1067
1062703,55077,3062,269
1062836,55078,1006,24
1062846,55079,453220,19846
1064121,55081,16299,953
1064484,55083,7055,789
1064778,55085,13519,1363
1065215,55087,105167,5054
1066125,55089,40884,2812
1066813,55091,1721,222
1066926,55093,7223,789
1067226,55095,14014,1120
1067612,55097,30297,1719
1068126,55099,4318,390
1068320,55101,68432,4021
1069113,55103,4724,381
1069291,55105,62793,3360
1070029,55107,3934,312
1070179,55109,32072,2304
1070758,55111,31475,1832
1071276,55113,5423,637
1071532,55115,10344,881
1071852,55117,53477,2678
1072516,55119,7540,463
1072734,55121,14832,655
1072987,55123,6624,613
1073246,55125,6082,968
1073562,55127,36727,2752
1074225,55129,4304,508
1074455,55131,53278,3306
1075190,55133,245702,12624
1076392,55135,16595,1185
1076784,55137,5022,470
1076992,55139,90618,3632
1077772,55141,37366,1784
1078300,55999,44004,597
1078484,56001,9881,1073
1078844,56003,2416,303
1079003,56005,19814,1482
1079464,56007,4220,520
1079695,56009,4960,428
1079898,56011,1529,249
1080026,56013,9980,1263
1080467,56015,2798,336
1080622,56017,1546,182
1080713,56019,2561,509
1080948,56021,34602,3355
1081667,56023,4891,761
1081931,56025,32242,2928
1082652,56027,413,87
1082698,56029,9638,1226
1083120,56031,2227,276
1083255,56033,11136,1435
1083712,56035,2814,420
1083913,56037,15461,1207
1084310,56039,18721,2221
1084832,56041,7513,566
1085091,56043,2483,338
1085274,56045,1737,216
1085383,56999,3433,197
