<?xml version="1.0" encoding="UTF-8"?><metadata>
    <idinfo>
        <citation>
            <citeinfo>
                <title>National Transit Map Stops</title>
            </citeinfo>
        </citation>
        <descript>
            <abstract>The National Transit Map - Stops dataset was compiled on September 26, 2022 from the Bureau of Transportation Statistics (BTS), and is part of the U.S. Department of Transportation (USDOT)/Bureau of Transportation Statistics (BTS) National Transportation Atlas Database (NTAD). This dataset shows stops where vehicles pick up or drop off riders, along with defining the stations and station entrances. This dataset, also known as GTFS static or static transit to differentiate it from the GTFS real-time extension, defines a common format for public transportation schedules and associated geographic information. GTFS "feeds" let public transit agencies publish their transit data and developers write applications that consume that data in an interoperable way. GTFS Data is stored in the National Transit Map database. GTFS Specification: https://doi.org/10.21949/1519107.</abstract>
            <purpose>The intent of the National Transit Map is to support research, analysis, and planning. It is not intended to replace existing customer services available through transit agency websites and commercial trip planning service providers.</purpose>
        </descript>
        <keywords>
            <theme>
                <themekt>None</themekt>
                <themekey>USA</themekey>
                <themekey>National</themekey>
                <themekey>NTAD</themekey>
                <themekey>National Transportation Atlas Database</themekey>
                <themekey>Transportation</themekey>
                <themekey>Atlas</themekey>
                <themekey>Database</themekey>
                <themekey>Rail</themekey>
                <themekey>National Transit Map</themekey>
                <themekey>Transit</themekey>
                <themekey>Map</themekey>
                <themekey>NTM</themekey>
                <themekey>Passenger Movement</themekey>
                <themekey>Transportation Infrastructure</themekey>
                <themekey>Passenger Travel</themekey>
                <themekey>Connectivity</themekey>
                <themekey>Accessibility</themekey>
                <themekey>Frequency</themekey>
                <themekey>Intercity</themekey>
                <themekey>Bus</themekey>
                <themekey>Fixed Route</themekey>
            </theme>
        </keywords>
        <accconst>None</accconst>
        <useconst>CC-BY: Creative Commons Attribution License</useconst>
        <datacred>Acknowledgment of the Department of Transportation (DOT), the Bureau of Transportation Statistics (BTS), and the following agencies: King County Department of Transportation - Metro Transit Division; Oregon Department of Transportation; Yakima Transit; Lane Transit District; Tri-County Metropolitan Transportation District of Oregon; Municipality of Anchorage - Public Transportation Department; RiverCities Transit; Ben Franklin Transit; Intercity Transit; Whatcom Transportation Authority; City of Pocatello; Clark County Public Transportation Benefit Area Authority; Salem Area Mass Transit District; County of Pierce; Snohomish County Public Transportation Benefit Area Corporation; Rogue Valley Transportation District; Link Transit; Fairbanks North Star Borough Transit; Asotin County; Josephine Community Transit; City of Albany; City of Milton-Freewater; Valley Transit; Benton County; Tillamook County Transportation District; South Clackamas Transportation District; Curry Public Transit; Lincoln County Transit; Grant County Transportation District; Yamhill County Transit; SRT-Malheur Express; Canby Area Transit; Basin Transit Service; Community Connection of Northeast Oregon; Linn Shuttle; Douglas County Transportation; Woodburn Transit System; Columbia County; Ride Connection, Inc.; City of Sandy; Rhode Island Public Transit Authority; Lowell Regional Transit Authority; Southeastern Regional Transit Authority; Berkshire Regional Transit Authority; Merrimack Valley Regional Transit Authority; Greater Portland Transit District; Connecticut Department of Transportation - CTTRANSIT - Hartford Division; Montachusett Regional Transit Authority; Middletown Transit District; Greater Attleboro-Taunton Regional Transit Authority; Chittenden County Transportation Authority; Cooperative Alliance for Seacoast Transportation; Casco Bay Island Transit District; Cape Cod Regional Transit Authority; South Portland Bus Service; MetroWest Regional Transit Authority; Advance Transit; Estuary Transit District; Connecticut River Transit, Inc.; Addison County Transit Resources; Deerfield Valley Transit Association, Inc.; Rural Community Transportation; Green Mountain Community Network; Marble Valley Regional Transit District; Capital District Transportation Authority; Broome County Department of Public Transportation; Niagara Frontier Transportation Authority; MTA New York City Transit; Metro-North Commuter Railroad Company, dba: MTA Metro-North Railroad; New Jersey Transit Corporation; New York City Department of Transportation; Port Authority Trans-Hudson Corporation; MTA Long Island Rail Road; Regional Transit Service, Inc. and Lift Line, Inc.; Centro of Cayuga, Inc.; Tompkins Consolidated Area Transit; Rockland Coaches, Inc.; Centro of Oswego, Inc.; Ulster County; MTA Bus Company; New York City Economic Development Corporation; Valley Metro; Greater Lynchburg Transit Company; Petersburg Area Transit; Lehigh and Northampton Transportation Authority; Altoona Metro Transit; Cambria County Transit Authority; Luzerne County Transportation Authority; Southeastern Pennsylvania Transportation Authority; Port Authority of Allegheny County; Beaver County Transit Authority; City of Williamsport; Washington Metropolitan Area Transit Authority; Maryland Transit Administration; Charlottesville Area Transit; Annapolis Department of Transportation; Washington County; JAUNT, Inc.; Bristol Virginia Transit; City of Sharon; City of Fairfax CUE Bus; Mid Mon Valley Transit Authority; Danville Mass Transit; Potomac and Rappahannock Transportation Commission; City of Alexandria; Transit Services of Frederick County; Virginia Railway Express; Harford Transit; Delaware Transit Corporation; Williamsburg Area Transit Authority; Arlington Transit - Arlington County; Loudoun County Transit; County Commissioners of Charles County, MD; Town of Blacksburg; City of Harrisonburg Department of Public Transportation; WinTran; Washington County Transportation Authority; DDOT - Progressive Transportation Services Administration; STAR Transit; Pulaski Area Transit; VRT-Culpeper Region; Mountain Lynx Transit; Monroe County Transportation Authority; Pony Express; Altavista Community Transit System; Graham Transit; Farmville Area Bus; Bay Transit; RADAR; Blackstone Area Bus Service; Suffolk Transit; City of Radford; City of Baltimore; Brite; Chattanooga Area Regional Transportation Authority; Knoxville Area Transit; Memphis Area Transit Authority; Metropolitan Transit Authority; City of Asheville; Capital Area Transit; Fayetteville Area System of Transit; City of High Point; Lexington Transit Authority; Transit Authority of River City; Transit Authority of Northern Kentucky; Lee County Transit; Broward County Transit Division; Miami-Dade Transit; City of Tallahassee; Board of County Commissioners, Palm Beach County, PalmTran, Inc.; Jacksonville Transportation Authority; Hillsborough Area Regional Transit Authority; Birmingham-Jefferson County Transit Authority; City of Montgomery-Montgomery Area Transit System; Sarasota County Area Transit; Athens-Clarke County Unified Government; Chapel Hill Transit; Greenville Transit Authority; Pee Dee Regional Transportation Authority; Cobb County; Kingsport Area Transit System; City of Clarksville; Research Triangle Regional Public Transportation Authority; Charleston Area Regional Transportation Authority; City of Ocala, Florida; Okaloosa County Board of County Commissioners; Gwinnett County Board of Commissioners; Collier Area Transit; Central Midlands Regional Transportation Authority; Town of Cary; Hernando County Board of County Commissioners; North Carolina State University; Lake County Board of County Commissioners; Franklin Transit Authority; City of Concord; Piedmont Authority for Regional Transportation; Bay County Transportation Planning Organization; City of Murfreesboro; Berkeley Charleston Dorchester RTMA; City of Clemson/ Clemson Area Transit; Central Florida Commuter Rail; City Of Burlington; City of Appleton - Valley Transit; Metro Transit System; Milwaukee County Transit System; GO Transit; METRO Regional Transit Authority; Southwest Ohio Regional Transit Authority; The Greater Cleveland Regional Transit Authority; Central Ohio Transit Authority; Portage Area Regional Transportation Authority; Duluth Transit Authority; Metro Transit; Mass Transportation Authority; Interurban Transit Partnership; Kalamazoo Metro Transit System; Capital Area Transportation Authority; Ann Arbor Area Transportation Authority; Gary Public Transportation Corporation; Bloomington-Normal Public Transit System; Greater Lafayette Public Transportation Corporation; Greater Peoria Mass Transit District; Rock Island County Metropolitan Mass Transit District; Springfield Mass Transit District; Champaign-Urbana Mass Transit District; Chicago Transit Authority; Shoreline Metro; Lima Allen County Regional Transit Authority; Eau Claire Transit; Northern Indiana Commuter Transportation District; City of Beloit; Pace - Suburban Bus Division; Laketran; City of Detroit Department of Transportation; Michiana Area Council of Governments; Butler County Regional Transit Authority; City of Danville/Danville Mass Transit; ColumBUS Transit; City of Mankato; Central Indiana Regional Transportation Authority; Rides Mass Transit District; M-1 Rail; Minnesota Valley Transit Authority; Mass Transit Department - City of El Paso; Metropolitan Transit Authority of Harris County, Texas; City Transit Management Company, Inc.; VIA Metropolitan Transit; Central Oklahoma Transportation and Parking Authority; City of Albuquerque Transit Department; City of Shreveport; Capital Metropolitan Transportation Authority; Corpus Christi Regional Transportation Authority; Dallas Area Rapid Transit; City of Santa Fe; Cleveland Area Rapid Transit; Denton County Transportation Authority; Jonesboro Economical Transportation System; City of Hot Springs; Rio Metro Regional Transit District; Pueblo of Santa Clara; Transit Authority of Omaha; City of Springfield; Kansas City Area Transportation Authority; Bi-State Development Agency of the Missouri-Illinois Metropolitan District, d.b.a.(St. Louis) Metro; Cedar Rapids Transit; Davenport CitiBus; Des Moines Area Regional Transit Authority; City of Dubuque; Sioux City Transit System; Metropolitan Transit Authority of Black Hawk County; Topeka Metropolitan Transit Authority; Iowa City Transit; The University of Iowa; Coralville Transit System; CyRide; City of Lawrence; Marshalltown Municipal Transit; City of Muscatine; Dodger Area Rapid Transit; Burlington Urban Service; Burlington Stage Lines; Ottumwa Transit; Clinton Municipal Transit Administration; City of Mason City; Utah Transit Authority; Su Tran LLC dba: Sioux Area Metro; Mountain Metropolitan Transit; Denver Regional Transportation District; Pueblo Transit System; Missoula Urban Transportation District; City of Fort Collins; Mesa County; City of St. George; Black Hawk &amp; Central City Tramway; Eagle County Regional Transportation Authority; Summit Stage; Breckenridge Free Ride; Southern Colorado Community Action Agency, Inc.; Durango Transit; Northeast Colorado Association of Local Governments; Town of Mountain Village; City of Cripple Creek; Mountain Express Transit; Via Mobility Services; Roaring Fork Transportation Authority; San Miguel Authority for Regional Transportation; All Points Transit; Town of Telluride; Bent County Transit; Clear Creek County; Regional Transportation Commission of Washoe County; City and County of Honolulu Department of Transportation Services; San Francisco Bay Area Rapid Transit District; Golden Empire Transit District; Santa Cruz Metropolitan Transit District; City of Santa Monica; San Mateo County Transit District; City of Torrance; Reno-Sparks Indian Colony; San Joaquin Regional Transit District; Santa Clara Valley Transportation Authority; Alameda-Contra Costa Transit District; San Francisco Municipal Railway; Golden Gate Bridge, Highway and Transportation District; City of Santa Rosa; Sacramento Regional Transit District; City of Norwalk; Long Beach Transit; San Diego Metropolitan Transit System; City of Fresno; North County Transit District; Riverside Transit Agency; City of Phoenix Public Transit Department; City of Tucson; City of Glendale; Gold Coast Transit; Culver City Municipal Bus Lines; Montebello Bus Lines; City of Commerce Municipal Buslines; Regional Transportation Commission of Southern Nevada; City of Simi Valley; City of Corona; Yuba-Sutter Transit Authority; Monterey-Salinas Transit; SunLine Transit Agency; Santa Maria Area Transit; Napa Valley Transportation Authority; Sonoma County Transit; City of Visalia; City of Fairfield, California; Regional Public Transportation Authority, dba: Valley Metro; Unitrans - City of Davis/ASUCD; Livermore / Amador Valley Transit Authority; City of Los Angeles; Victor Valley Transit Authority; City of Lompoc; Southern California Regional Rail Authority; Los Angeles County Metropolitan Transportation Authority dba: Metro; City of San Luis Obispo; Western Contra Costa Transit Authority; City of Union City; Thousand Oaks Transit; City of Roseville; Transit Joint Powers Authority for Merced County; City of Lodi; Placer County Department of Public Works and Facilities; City of Porterville; City of Madera; San Luis Obispo Regional Transit Authority; Butte County Association of Governments; Valley Metro Rail, Inc.; Anaheim Transportation Network; City of Redondo Beach - Beach Cities Transit; Carson Area Metropolitan Planning Organization; City of Manteca; Northern Arizona Intergovernmental Public Transportation Authority; San Francisco Bay Area Water Emergency Transportation Authority; Solano County Transit; Marin County Transit District; Stanislaus County; City of Delano; City of Avalon; City of Burbank; City of Calabasas; City of Compton; City of Glendora; City of Lawndale; City of Monterey Park; Sonoma-Marin Area Rail Transit District; Tesuque Pueblo; Pueblo of San Ildefonso; Pueblo of Nambe'; City of Norman; University of Minnesota Transit; SouthWest Transit; VRT-NoVA Loudoun Region; VRT-Staunton Region; Centro of Oneida, Inc.; CNY Centro, Inc.; Staten Island Rapid Transit Operating Authority; Connecticut Department of Transportation - CTTRANSIT New Haven Division; Connecticut Department of Transportation - CTTRANSIT Stamford Division;</datacred>
    </idinfo>
    <metainfo>
        <metstdn>FGDC Content Standard for Digital Geospatial Metadata</metstdn>
        <metstdv>FGDC-STD-001-1998</metstdv>
        <mettc>local time</mettc>
    </metainfo>
</metadata>
