total_count,from_stop,to_stop,transit_time,transit_weight
501,101,103,1.52,3.03
514,103,101,1.5,2.92
517,103,104,1.5,2.9
514,104,103,3.16,6.15
517,104,106,1.5,2.9
514,106,104,1.5,2.92
517,106,107,1.5,2.9
514,107,106,1.53,2.98
517,107,108,1,1.93
519,108,107,1.5,2.89
517,108,109,1.58,3.06
519,109,108,1.5,2.89
517,109,110,1.5,2.9
519,110,109,1.14,2.2
517,110,111,1.5,2.9
519,111,110,1.5,2.89
517,111,112,2.08,4.02
519,112,111,2,3.85
517,112,113,1.52,2.94
519,113,112,1.59,3.06
517,113,114,2,3.87
519,114,113,2,3.85
517,114,115,1.61,3.11
519,115,114,1.5,2.89
523,115,116,1.53,2.93
523,116,115,2,3.82
523,116,117,2.47,4.72
523,117,116,2.29,4.38
523,117,118,1,1.91
523,118,117,1,1.91
523,118,119,1.03,1.97
523,119,118,1.5,2.87
523,119,120,2,3.82
523,120,119,1.5,2.87
576,120,121,2,3.47
732,120,123,2.97,4.06
785,120,227,4.37,5.57
581,121,120,1.84,3.17
576,121,122,1.03,1.79
581,122,121,1.21,2.08
576,122,123,1.5,2.6
727,123,120,2.95,4.06
581,123,122,1.8,3.1
576,123,124,1.5,2.6
732,123,127,4.45,6.08
581,124,123,1.05,1.81
576,124,125,1.5,2.6
581,125,124,1.5,2.58
576,125,126,2,3.47
581,126,125,2.04,3.51
576,126,127,1.59,2.76
727,127,123,4.1,5.64
581,127,126,2,3.44
1239,127,128,1.24,1
1239,128,127,1.26,1.02
576,128,129,1.32,2.29
663,128,132,2.72,4.1
581,129,128,1.4,2.41
576,129,130,1,1.74
581,130,129,1.01,1.74
576,130,131,1,1.74
581,131,130,1,1.72
576,131,132,1,1.74
658,132,128,2.8,4.26
581,132,131,1,1.72
576,132,133,1.5,2.6
663,132,137,4.59,6.92
581,133,132,1.51,2.6
576,133,134,1.52,2.64
581,134,133,1.54,2.65
576,134,135,1.68,2.92
581,135,134,1.6,2.75
576,135,136,1,1.74
581,136,135,1,1.72
576,136,137,2.45,4.25
658,137,132,4.67,7.1
581,137,136,1.41,2.43
523,137,138,1.51,2.89
716,137,228,1.22,1.7
523,138,137,1.34,2.56
523,138,139,1.51,2.89
523,139,138,1.01,1.93
523,139,142,2.14,4.09
523,142,139,2.54,4.86
420,201,204,1.56,3.71
424,204,201,2,4.72
436,204,205,1.5,3.44
436,205,204,4.2,9.63
436,205,206,1.2,2.75
436,206,205,1.2,2.75
436,206,207,1.22,2.8
436,207,206,1.39,3.19
436,207,208,1.66,3.81
436,208,207,1.6,3.67
436,208,209,1.54,3.53
436,209,208,1.59,3.65
436,209,210,1.23,2.82
436,210,209,1.2,2.75
436,210,211,2.03,4.66
436,211,210,2.03,4.66
436,211,212,2.05,4.7
436,212,211,2.15,4.93
436,212,213,2.03,4.66
2,213,208,8,4000
436,213,212,2.01,4.61
677,213,214,1.66,2.45
33,213,221,12.55,380.3
351,213,505,3.5,9.97
666,214,213,1.69,2.54
677,214,215,2.01,2.97
666,215,214,1.94,2.91
677,215,216,2.2,3.25
666,216,215,2.17,3.26
677,216,217,1.52,2.25
666,217,216,1.52,2.28
677,217,218,1.04,1.54
666,218,217,1.08,1.62
677,218,219,1.44,2.13
666,219,218,1.17,1.76
677,219,220,1.65,2.44
666,220,219,1.57,2.36
677,220,221,2.07,3.06
44,221,213,12.06,274.09
666,221,220,2.12,3.18
710,221,222,2.69,3.79
710,222,221,2.13,3
424,222,224,3.3,7.78
286,222,416,3.27,11.43
424,224,222,3.34,7.88
785,224,225,1.65,2.1
361,224,302,3.27,9.06
785,225,224,1.72,2.19
785,225,226,1.5,1.91
785,226,225,1.5,1.91
785,226,227,1,1.27
785,227,120,4.45,5.67
785,227,226,1,1.27
716,228,137,1.1,1.54
716,228,229,2.48,3.46
716,229,228,2.33,3.25
716,229,230,1.22,1.7
716,230,229,1.09,1.52
716,230,231,4.51,6.3
716,231,230,3.57,4.99
716,231,232,1.13,1.58
716,232,231,1.65,2.3
716,232,233,1.49,2.08
716,233,232,1.5,2.09
716,233,234,1.18,1.65
716,234,233,1.5,2.09
1289,234,235,1.5,1.16
573,234,423,1.74,3.04
1289,235,234,1.65,1.28
822,235,236,1.07,1.3
467,235,239,4.12,8.82
788,236,235,1.2,1.52
822,236,237,1.82,2.21
788,237,236,2.03,2.58
822,237,238,1.64,2
788,238,237,1.89,2.4
822,238,239,1.64,2
501,239,235,4.77,9.52
788,239,238,1.7,2.16
527,239,241,3,5.69
403,239,248,1.51,3.75
359,239,250,3.87,10.78
528,241,239,2.91,5.51
527,241,242,1.25,2.37
528,242,241,1.28,2.42
527,242,243,1.5,2.85
528,243,242,1.58,2.99
527,243,244,4.09,7.76
528,244,243,1.44,2.73
527,244,245,1.51,2.87
528,245,244,1.57,2.97
527,245,246,1.5,2.85
528,246,245,1.23,2.33
527,246,247,2.19,4.16
528,247,246,2.17,4.11
386,248,239,1.7,4.4
403,248,249,1.59,3.95
386,249,248,1.77,4.59
403,249,250,4.2,10.42
375,250,239,3.41,9.09
386,250,249,2.09,5.41
388,250,251,2.65,6.83
391,251,250,3.05,7.8
388,251,252,1.52,3.92
391,252,251,1.56,3.99
388,252,253,1.83,4.72
391,253,252,1.94,4.96
388,253,254,1.02,2.63
391,254,253,1.06,2.71
388,254,255,1.63,4.2
391,255,254,1.64,4.19
388,255,256,1.17,3.02
391,256,255,1,2.56
388,256,257,1.35,3.48
391,257,256,1.5,3.84
358,301,302,1.71,4.78
361,302,224,2.03,5.62
361,302,301,2,5.54
439,401,402,2,4.56
434,402,401,2,4.61
439,402,405,1.71,3.9
434,405,402,1.69,3.89
451,405,406,2.15,4.77
438,406,405,2.15,4.91
452,406,407,1.18,2.61
438,407,406,1.2,2.74
452,407,408,1.16,2.57
438,408,407,1.16,2.65
452,408,409,1.5,3.32
438,409,408,1.5,3.42
452,409,410,1.52,3.36
438,410,409,2.31,5.27
452,410,411,1.18,2.61
438,411,410,1.02,2.33
452,411,412,1.41,3.12
438,412,411,1.34,3.06
452,412,413,1.52,3.36
14,413,409,5,357.14
438,413,412,1.5,3.42
452,413,414,2.05,4.54
452,414,413,1.83,4.05
452,414,415,2.82,6.24
452,415,414,2.49,5.51
425,415,416,1.69,3.98
27,415,621,8.04,297.78
286,416,222,2.92,10.21
434,416,415,2.74,6.31
711,416,621,2.81,3.95
738,418,419,1.53,2.07
738,418,640,1.72,2.33
738,419,418,1.46,1.98
738,419,420,1.21,1.64
738,420,419,1.22,1.65
573,420,423,5.27,9.2
573,423,234,2,3.49
573,423,420,5.2,9.08
354,501,502,2.17,6.13
351,502,501,2.43,6.92
354,502,503,2.44,6.89
351,503,502,3.41,9.72
354,503,504,2.67,7.54
351,504,503,2.7,7.69
354,504,505,1.06,2.99
354,505,213,3.21,9.07
351,505,504,1.14,3.25
455,601,602,2.5,5.49
458,602,601,2.5,5.46
455,602,603,1.5,3.3
458,603,602,1.5,3.28
455,603,604,1.53,3.36
458,604,603,1.5,3.28
455,604,606,1.3,2.86
458,606,604,1,2.18
455,606,607,1.03,2.26
458,607,606,1,2.18
455,607,608,2,4.4
458,608,607,1.54,3.36
515,608,609,1.5,2.91
39,608,613,5.69,145.9
482,609,608,1.54,3.2
515,609,610,1.52,2.95
482,610,609,1.35,2.8
515,610,611,1,1.94
482,611,610,1,2.07
515,611,612,1.8,3.5
482,612,611,1.65,3.42
515,612,613,2,3.88
72,613,608,6.89,95.69
482,613,612,1.59,3.3
504,613,614,1.55,3.08
50,613,619,7.3,146
491,614,613,2.64,5.38
504,614,615,1.99,3.95
491,615,614,1.55,3.16
504,615,616,1.01,2
491,616,615,1.45,2.95
504,616,617,2,3.97
491,617,616,2,4.07
504,617,618,1.03,2.04
491,618,617,1,2.04
504,618,619,1.53,3.04
63,619,613,8.07,128.1
491,619,618,1.5,3.05
558,619,621,3.03,5.43
18,621,415,4.86,270
720,621,416,2.61,3.63
558,621,619,3.17,5.68
605,621,622,1.53,2.53
691,621,626,4.73,6.85
602,622,621,1.6,2.66
605,622,623,1.47,2.43
602,623,622,1.45,2.41
605,623,624,1.03,1.7
602,624,623,1.05,1.74
605,624,625,1.51,2.5
602,625,624,1.5,2.49
605,625,626,2.08,3.44
694,626,621,5.22,7.52
602,626,625,2,3.32
605,626,627,1.81,2.99
691,626,629,4.05,5.86
602,627,626,1.69,2.81
605,627,628,1.98,3.27
602,628,627,1.75,2.91
605,628,629,1.56,2.58
694,629,626,3.56,5.13
602,629,628,1.75,2.91
605,629,630,1.78,2.94
691,629,631,2.67,3.86
602,630,629,1.5,2.49
605,630,631,2.26,3.74
694,631,629,2.21,3.18
602,631,630,1.83,3.04
605,631,632,2,3.31
691,631,635,4.17,6.03
602,632,631,2.28,3.79
605,632,633,1.02,1.69
602,633,632,1.01,1.68
605,633,634,1.01,1.67
602,634,633,1.03,1.71
605,634,635,1.54,2.55
694,635,631,4,5.76
602,635,634,1.97,3.27
605,635,636,1.5,2.48
691,635,640,5.15,7.45
602,636,635,1.47,2.44
605,636,637,1.45,2.4
602,637,636,1.5,2.49
605,637,638,1.02,1.69
602,638,637,1.04,1.73
605,638,639,2.08,3.44
602,639,638,1.5,2.49
605,639,640,2,3.31
738,640,418,1.7,2.3
694,640,635,4.79,6.9
602,640,639,2,3.32
704,701,702,2.58,3.66
704,702,701,3.5,4.97
670,702,705,1.55,2.31
43,702,707,4.12,95.81
668,705,702,2.89,4.33
690,705,706,1.01,1.46
668,706,705,1,1.5
690,706,707,1.02,1.48
65,707,702,4.1,63.08
668,707,706,1.04,1.56
690,707,708,1.48,2.14
43,707,712,4.06,94.42
668,708,707,1.33,1.99
690,708,709,1.02,1.48
668,709,708,1.04,1.56
690,709,710,1.01,1.46
668,710,709,1,1.5
690,710,711,1.5,2.17
668,711,710,1.53,2.29
690,711,712,2.03,2.94
65,712,707,4,61.54
668,712,711,2,2.99
690,712,713,1.92,2.78
43,712,718,5.91,137.44
668,713,712,1.91,2.86
690,713,714,1,1.45
668,714,713,1,1.5
690,714,715,1,1.45
668,715,714,1,1.5
690,715,716,1.46,2.12
668,716,715,1.11,1.66
690,716,718,2.94,4.26
65,718,712,5.5,84.62
668,718,716,2.41,3.61
733,718,719,1.52,2.07
733,719,718,1.54,2.1
733,719,720,1.99,2.71
733,720,719,1.99,2.71
733,720,721,1,1.36
733,721,720,0.89,1.21
733,721,723,4.82,6.58
733,723,721,4.71,6.43
733,723,724,1.5,2.05
733,724,723,1.39,1.9
733,724,725,1.64,2.24
733,725,724,1.5,2.05
733,725,726,3.59,4.9
733,726,725,3.09,4.22
646,901,902,1.5,2.32
646,902,901,1.5,2.32
402,A02,A03,1.58,3.93
404,A03,A02,1.75,4.33
407,A03,A05,2.13,5.23
408,A05,A03,4.85,11.89
407,A05,A06,2,4.91
408,A06,A05,2,4.9
407,A06,A07,1,2.46
408,A07,A06,1.01,2.48
407,A07,A09,2.11,5.18
408,A09,A07,2,4.9
337,A09,A10,1.13,3.35
330,A09,A12,3.53,10.7
337,A10,A09,1.89,5.61
337,A10,A11,1.15,3.41
337,A11,A10,1.5,4.45
337,A11,A12,1.5,4.45
330,A12,A09,5.33,16.15
337,A12,A11,1.5,4.45
342,A12,A14,2,5.85
325,A12,A15,3.53,10.86
340,A14,A12,4.5,13.24
440,A14,A15,1.54,3.5
97,A14,D13,2.05,21.13
328,A15,A12,3,9.15
437,A15,A14,1.78,4.07
435,A15,A16,1.5,3.45
698,A15,A24,8.04,11.52
368,A15,D13,4.61,12.53
435,A16,A15,1.62,3.72
435,A16,A17,1.5,3.45
435,A17,A16,1.5,3.45
435,A17,A18,1.02,2.34
435,A18,A17,1,2.3
435,A18,A19,1.48,3.4
435,A19,A18,1.5,3.45
435,A19,A20,1.52,3.49
435,A20,A19,1.5,3.45
435,A20,A21,1.5,3.45
435,A21,A20,1.5,3.45
435,A21,A22,1.5,3.45
435,A22,A21,1.5,3.45
435,A22,A24,1.74,4
698,A24,A15,8.02,11.49
435,A24,A22,1.5,3.45
337,A24,A25,1.63,4.84
330,A24,A27,2.81,8.52
466,A24,D14,1.92,4.12
337,A25,A24,2.04,6.05
752,A25,A27,2.04,2.71
415,A25,D14,1.63,3.93
330,A27,A24,3.1,9.39
752,A27,A25,1.79,2.38
1082,A27,A28,1.06,0.98
1082,A28,A27,1.38,1.28
752,A28,A30,1.71,2.27
330,A28,A31,2.62,7.94
752,A30,A28,2.02,2.69
752,A30,A31,1.5,1.99
330,A31,A28,3.04,9.21
752,A31,A30,1.5,1.99
1082,A31,A32,2.07,1.91
1082,A32,A31,2.36,2.18
752,A32,A33,1.5,1.99
330,A32,A34,2.6,7.88
752,A33,A32,2,2.66
752,A33,A34,1.84,2.45
330,A34,A32,2.51,7.61
752,A34,A33,1.5,1.99
667,A34,A36,2,3
415,A34,E01,2,4.82
667,A36,A34,1.54,2.31
667,A36,A38,2,3
667,A38,A36,2,3
667,A38,A40,3.04,4.56
667,A40,A38,3.09,4.63
667,A40,A41,2.05,3.07
667,A41,A40,2,3
667,A41,A42,1.52,2.28
405,A41,F18,1.5,3.7
405,A41,F20,2.93,7.23
667,A42,A41,1.54,2.31
338,A42,A43,2,5.92
329,A42,A46,4.96,15.08
406,A42,F20,1.85,4.56
404,A42,G36,1.88,4.65
337,A43,A42,1.78,5.28
338,A43,A44,1.57,4.64
337,A44,A43,1.5,4.45
338,A44,A45,1.51,4.47
337,A45,A44,1.51,4.48
338,A45,A46,1.07,3.17
330,A46,A42,5.09,15.42
337,A46,A45,1,2.97
338,A46,A47,1.92,5.68
329,A46,A48,2.46,7.48
337,A47,A46,1.63,4.84
338,A47,A48,1.58,4.67
330,A48,A46,3.03,9.18
337,A48,A47,1.51,4.48
338,A48,A49,2,5.92
329,A48,A51,3.52,10.7
337,A49,A48,1.51,4.48
338,A49,A50,1.5,4.44
337,A50,A49,1.99,5.91
338,A50,A51,4.63,13.7
330,A51,A48,3.48,10.55
337,A51,A50,1.01,3
338,A51,A52,2,5.92
329,A51,A55,4.15,12.61
337,A52,A51,2.27,6.74
338,A52,A53,1.5,4.44
337,A53,A52,1.52,4.51
338,A53,A54,1.5,4.44
337,A54,A53,1.75,5.19
338,A54,A55,1.52,4.5
330,A55,A51,4.14,12.55
337,A55,A54,1.53,4.54
472,A55,A57,1.65,3.5
464,A57,A55,2.06,4.44
472,A57,A59,1.5,3.18
464,A59,A57,1.46,3.15
472,A59,A60,1.45,3.07
464,A60,A59,1.49,3.21
472,A60,A61,1.45,3.07
464,A61,A60,1.45,3.13
234,A61,A63,5.51,23.55
238,A61,H02,4.04,16.97
232,A63,A61,1.61,6.94
234,A63,A64,1.52,6.5
232,A64,A63,1.12,4.83
234,A64,A65,1.04,4.44
232,A65,A64,1.4,6.03
405,B04,B06,2.02,4.99
405,B04,G14,6.05,14.94
405,B06,B04,2.41,5.95
405,B06,B08,2.5,6.17
405,B08,B06,2.54,6.27
662,B08,B10,2.76,4.17
693,B08,Q03,2,2.89
436,B08,R14,3.16,7.25
662,B10,B08,3.04,4.59
662,B10,D15,1.51,2.28
368,B12,B13,2.02,5.49
368,B12,R36,4.01,10.9
368,B13,B12,2.41,6.55
368,B13,B14,1.5,4.08
368,B14,B13,1.5,4.08
368,B14,B15,1.98,5.38
368,B15,B14,1.59,4.32
368,B15,B16,1.52,4.13
368,B16,B15,1.91,5.19
368,B16,B17,2,5.43
368,B17,B16,2,5.43
368,B17,B18,1.91,5.19
368,B18,B17,1.52,4.13
368,B18,B19,1.5,4.08
368,B19,B18,1.5,4.08
368,B19,B20,1.5,4.08
368,B20,B19,1.48,4.02
368,B20,B21,2.19,5.95
368,B21,B20,1.02,2.77
368,B21,B22,1.5,4.08
368,B22,B21,1.54,4.18
368,B22,B23,4.62,12.55
368,B23,B22,2.41,6.55
368,B23,D43,4,10.87
367,D01,D03,4,10.9
365,D03,D01,2.5,6.85
410,D03,D04,1.97,4.8
401,D04,D03,2.08,5.19
410,D04,D05,1.53,3.73
404,D05,D04,1.5,3.71
389,D05,D06,1.5,3.86
21,D05,D07,2.5,119.05
383,D06,D05,1.5,3.92
389,D06,D07,1.52,3.91
21,D07,D05,2.64,125.71
383,D07,D06,1.5,3.92
389,D07,D08,1.5,3.86
21,D07,D13,8.36,398.1
386,D08,D07,3.28,8.5
389,D08,D09,2.5,6.43
386,D09,D08,2.03,5.26
389,D09,D10,2,5.14
386,D10,D09,2,5.18
389,D10,D11,2.5,6.43
386,D11,D10,2.5,6.48
389,D11,D12,1.51,3.88
386,D12,D11,1.51,3.91
389,D12,D13,1.52,3.91
98,D13,A14,2.29,23.37
368,D13,A15,3.52,9.57
18,D13,D07,10,555.56
386,D13,D12,1.5,3.89
466,D14,A24,2.1,4.51
415,D14,A25,3.77,9.08
466,D14,D15,1.64,3.52
415,D14,F12,1.14,2.75
662,D15,B10,1.67,2.52
466,D15,D14,1.55,3.33
1238,D15,D16,1.5,1.21
105,D15,F12,3.11,29.62
1233,D16,D15,1.64,1.33
1238,D16,D17,1.53,1.24
1233,D17,D16,1.52,1.23
772,D17,D18,1.69,2.19
466,D17,D20,3.01,6.46
767,D18,D17,1.69,2.2
772,D18,D19,1.54,1.99
767,D19,D18,1.52,1.98
772,D19,D20,1.62,2.1
466,D20,D17,3,6.44
767,D20,D19,1.68,2.19
1238,D20,D21,2.37,1.91
1233,D21,D20,2.44,1.98
466,D21,D22,2,4.29
405,D21,F14,1.5,3.7
367,D21,M18,3.45,9.4
466,D22,D21,2.08,4.46
170,D22,R30,8.77,51.59
296,D22,R31,11.6,39.19
528,D24,D25,2.32,4.39
527,D24,R30,1.54,2.92
527,D25,D24,2.13,4.04
528,D25,D26,4.58,8.67
527,D26,D25,3.93,7.46
430,D26,D27,1.51,3.51
98,D26,D28,2,20.41
330,D26,S04,3,9.09
429,D27,D26,1.75,4.08
430,D27,D28,1.49,3.47
98,D28,D26,2.61,26.63
429,D28,D27,1.5,3.5
430,D28,D29,1.51,3.51
98,D28,D31,2.5,25.51
429,D29,D28,1.5,3.5
430,D29,D30,0.78,1.81
429,D30,D29,0.82,1.91
430,D30,D31,1.51,3.51
98,D31,D28,2.58,26.33
429,D31,D30,1.5,3.5
430,D31,D32,1.23,2.86
98,D31,D35,4.07,41.53
429,D32,D31,1.21,2.82
430,D32,D33,1.27,2.95
429,D33,D32,1.29,3.01
430,D33,D34,1.73,4.02
429,D34,D33,1.71,3.99
430,D34,D35,2.3,5.35
98,D35,D31,4.56,46.53
429,D35,D34,2.31,5.38
430,D35,D37,2.53,5.88
98,D35,D39,7.15,72.96
429,D37,D35,2.3,5.36
430,D37,D38,1,2.33
429,D38,D37,1,2.33
430,D38,D39,2.5,5.81
98,D39,D35,4,40.82
429,D39,D38,2.02,4.71
528,D39,D40,2.61,4.94
527,D40,D39,2,3.8
430,D40,D41,2,4.65
429,D41,D40,2.01,4.69
430,D41,D42,2,4.65
429,D42,D41,1.5,3.5
796,D42,D43,1.5,1.88
365,D42,F39,1.5,4.11
368,D43,B23,4.03,10.95
794,D43,D42,1.5,1.89
363,D43,N10,4.21,11.6
415,E01,A34,2.16,5.2
405,F01,F02,1.53,3.78
7,F01,F03,2.79,398.57
407,F02,F01,2,4.91
405,F02,F03,2.01,4.96
5,F03,F01,3,600
407,F03,F02,5.69,13.98
405,F03,F04,1.42,3.51
7,F03,F06,3.79,541.43
407,F04,F03,4.96,12.19
405,F04,F05,2,4.94
407,F05,F04,1.38,3.39
686,F05,F06,1.89,2.76
279,F05,G07,1.5,5.38
5,F06,F03,3.7,740
686,F06,F05,2.16,3.15
686,F06,F07,1.51,2.2
129,F06,G07,3.62,28.06
134,F06,G08,2.58,19.25
686,F07,F06,1.5,2.19
686,F07,G08,1.96,2.86
525,F09,F11,3.2,6.1
520,F09,G21,1.64,3.15
520,F11,F09,3.1,5.96
525,F11,F12,1.58,3.01
415,F12,D14,1.79,4.31
110,F12,D15,2.54,23.09
520,F12,F11,1.57,3.02
405,F14,D21,1.5,3.7
405,F14,F15,1.77,4.37
405,F15,F14,1.51,3.73
405,F15,F16,1.5,3.7
405,F16,F15,1.23,3.04
405,F16,F18,2.71,6.69
405,F18,A41,1.76,4.35
405,F18,F16,3,7.41
405,F20,A41,2.49,6.15
404,F20,A42,2.06,5.1
809,F20,F21,1.59,1.97
2,F20,F24,5,2500
807,F21,F20,1.51,1.87
809,F21,F22,1.74,2.15
807,F22,F21,2,2.48
809,F22,F23,1.8,2.22
807,F23,F22,1.51,1.87
809,F23,F24,1.53,1.89
2,F24,F20,4,2000
807,F24,F23,1.95,2.42
809,F24,F25,1.5,1.85
2,F24,F27,4,2000
807,F25,F24,1.68,2.08
809,F25,F26,2.43,3
807,F26,F25,2.56,3.17
809,F26,F27,1.57,1.94
2,F27,F24,3,1500
807,F27,F26,1.68,2.08
404,F27,F29,2,4.95
404,F29,F27,2,4.95
404,F29,F30,2,4.95
404,F30,F29,1.55,3.84
404,F30,F31,1,2.48
404,F31,F30,1.23,3.04
404,F31,F32,1,2.48
404,F32,F31,1,2.48
404,F32,F33,2,4.95
404,F33,F32,1.55,3.84
404,F33,F34,1.5,3.71
404,F34,F33,1.5,3.71
404,F34,F35,5.35,13.24
404,F35,F34,1.5,3.71
366,F35,F36,2,5.46
372,F36,F35,2.16,5.81
366,F36,F38,5.99,16.37
372,F38,F36,1.56,4.19
366,F38,F39,2.02,5.52
366,F39,D42,1.5,4.1
365,F39,F38,2.03,5.56
765,G05,G06,1.39,1.82
768,G06,G05,1.54,2.01
408,G06,G07,2.48,6.08
350,G06,J12,4,11.43
7,G06,J13,5,714.29
281,G07,F05,1.5,5.34
127,G07,F06,3.15,24.8
408,G07,G06,7.76,19.02
134,G08,F06,2.62,19.55
686,G08,F07,2,2.92
475,G08,G09,1.74,3.66
751,G08,G14,7.1,9.45
462,G09,G08,1.81,3.92
475,G09,G10,1.79,3.77
462,G10,G09,1.96,4.24
475,G10,G11,1.24,2.61
462,G11,G10,1.33,2.88
475,G11,G12,1.99,4.19
462,G12,G11,1.99,4.31
475,G12,G13,1.5,3.16
462,G13,G12,1.61,3.48
475,G13,G14,1.74,3.66
405,G14,B04,6.69,16.52
759,G14,G08,7.03,9.26
462,G14,G13,1.8,3.9
475,G14,G15,1.5,3.16
346,G14,G21,6.33,18.29
462,G15,G14,2.99,6.47
475,G15,G16,1.53,3.22
462,G16,G15,1.35,2.92
475,G16,G18,1.5,3.16
462,G18,G16,1.5,3.25
475,G18,G19,1.71,3.6
462,G19,G18,1.75,3.79
475,G19,G20,2,4.21
462,G20,G19,2,4.33
475,G20,G21,2.11,4.44
525,G21,F09,1.67,3.18
354,G21,G14,5.63,15.9
462,G21,G20,2,4.33
296,G21,R11,6.1,20.61
406,G22,G24,1,2.46
404,G24,G22,1.32,3.27
406,G24,G26,2.66,6.55
404,G26,G24,2.56,6.34
406,G26,G28,1.44,3.55
404,G28,G26,1.31,3.24
406,G28,G29,3.13,7.71
404,G29,G28,3.14,7.77
406,G29,G30,1.61,3.97
404,G30,G29,1.39,3.44
406,G30,G31,1.22,3
404,G31,G30,1.44,3.56
406,G31,G32,1.48,3.65
404,G32,G31,1.49,3.69
406,G32,G33,1.87,4.61
404,G33,G32,1.83,4.53
406,G33,G34,1,2.46
404,G34,G33,1.02,2.52
406,G34,G35,1.5,3.69
404,G35,G34,1.5,3.71
406,G35,G36,1.5,3.69
406,G36,A42,2.27,5.59
404,G36,G35,1.5,3.71
232,H01,A61,3.09,13.32
232,H02,H01,0.97,4.18
238,H02,H03,2.07,8.7
232,H03,H02,2.03,8.75
238,H03,H04,6.51,27.35
232,H04,H03,6.6,28.45
233,H04,H06,6.6,28.33
245,H04,H12,4.04,16.49
227,H06,H04,4,17.62
233,H06,H07,4.06,17.42
227,H07,H06,1.54,6.78
233,H07,H08,2,8.58
227,H08,H07,2.02,8.9
233,H08,H09,1.5,6.44
227,H09,H08,1.5,6.61
233,H09,H10,2,8.58
227,H10,H09,1.98,8.72
233,H10,H11,1.5,6.44
227,H11,H10,1.52,6.7
246,H12,H04,5.94,24.15
245,H12,H13,1.5,6.12
246,H13,H12,1.52,6.18
245,H13,H14,1.01,4.12
246,H14,H13,1.98,8.05
245,H14,H15,1.52,6.2
246,H15,H14,2.02,8.21
355,J12,G06,4,11.27
344,J12,J13,1.5,4.36
6,J12,J14,3,500
5,J13,G06,5,1000
349,J13,J12,1.8,5.16
344,J13,J14,2,5.81
7,J13,J15,3,428.57
6,J14,J12,3,500
349,J14,J13,2,5.73
350,J14,J15,1.5,4.29
5,J15,J13,3,600
355,J15,J14,1.5,4.23
351,J15,J16,1.85,5.27
6,J15,J17,3,500
354,J16,J15,1.84,5.2
344,J16,J17,1.5,4.36
7,J16,J19,2.5,357.14
6,J17,J15,3,500
349,J17,J16,1.5,4.3
344,J17,J19,1.16,3.37
6,J17,J20,2.5,416.67
5,J19,J16,2.5,500
349,J19,J17,1.17,3.35
351,J19,J20,1.84,5.24
6,J20,J17,2.5,416.67
354,J20,J19,1.83,5.17
350,J20,J21,1.98,5.66
7,J20,J22,2.5,357.14
355,J21,J20,1.99,5.61
344,J21,J22,1.01,2.94
6,J21,J23,2.5,416.67
5,J22,J20,2.5,500
349,J22,J21,1,2.87
344,J22,J23,1.5,4.36
7,J22,J24,2.5,357.14
6,J23,J21,2.5,416.67
349,J23,J22,1.5,4.3
350,J23,J24,1.49,4.26
5,J24,J22,2.5,500
355,J24,J23,1.49,4.2
357,J24,J27,2.74,7.68
360,J27,J24,1.98,5.5
355,J27,J28,1.49,4.2
7,J27,J29,2.5,357.14
357,J28,J27,1.96,5.49
349,J28,J29,1.5,4.3
6,J28,J30,2.5,416.67
5,J29,J27,2.5,500
351,J29,J28,1.5,4.27
349,J29,J30,1.5,4.3
7,J29,J31,2.5,357.14
6,J30,J28,2.5,416.67
351,J30,J29,1.5,4.27
349,J30,J31,1.5,4.3
6,J30,M11,3.17,528.33
5,J31,J29,2.5,500
351,J31,J30,1.5,4.27
356,J31,M11,1.52,4.27
386,L01,L02,1.5,3.89
386,L02,L01,1.02,2.64
386,L02,L03,3.94,10.21
386,L03,L02,1.5,3.89
386,L03,L05,0.83,2.15
386,L05,L03,1.78,4.61
386,L05,L06,1.43,3.7
386,L06,L05,1,2.59
386,L06,L08,4.85,12.56
386,L08,L06,4,10.36
386,L08,L10,2.62,6.79
386,L10,L08,1.58,4.09
514,L10,L11,1,1.95
514,L11,L10,2.02,3.93
514,L11,L12,1.5,2.92
514,L12,L11,1.45,2.82
514,L12,L13,1,1.95
514,L13,L12,1,1.95
514,L13,L14,1.81,3.52
514,L14,L13,1.81,3.52
514,L14,L15,2,3.89
514,L15,L14,2.05,3.99
514,L15,L16,1.5,2.92
514,L16,L15,1.45,2.82
514,L16,L17,1.77,3.44
514,L17,L16,1.55,3.02
503,L17,L19,1.5,2.98
505,L19,L17,1.87,3.7
503,L19,L20,2.5,4.97
505,L20,L19,2.29,4.53
503,L20,L21,1.5,2.98
505,L21,L20,1.5,2.97
503,L21,L22,2.27,4.51
505,L22,L21,1,1.98
501,L22,L24,1.28,2.55
505,L24,L22,2.85,5.64
501,L24,L25,1.5,2.99
505,L25,L24,1.5,2.97
501,L25,L26,1.13,2.26
505,L26,L25,1.5,2.97
501,L26,L27,1.5,2.99
505,L27,L26,1.5,2.97
501,L27,L28,2.32,4.63
505,L28,L27,2.13,4.22
501,L28,L29,1.5,2.99
483,L29,L28,1.62,3.35
415,M01,M04,2.14,5.16
419,M04,M01,2.06,4.92
415,M04,M05,1.63,3.93
419,M05,M04,1.58,3.77
415,M05,M06,1.13,2.72
419,M06,M05,1.06,2.53
415,M06,M08,1.58,3.81
419,M08,M06,1.5,3.58
415,M08,M09,2,4.82
419,M09,M08,2.92,6.97
415,M09,M10,2,4.82
419,M10,M09,1.63,3.89
415,M10,M11,2.23,5.37
6,M11,J30,3,500
356,M11,J31,1.52,4.27
419,M11,M10,2.37,5.66
679,M11,M12,1.5,2.21
45,M11,M16,4,88.89
694,M12,M11,1.19,1.71
679,M12,M13,1.5,2.21
694,M13,M12,1.5,2.16
679,M13,M14,1.02,1.5
694,M14,M13,1.5,2.16
679,M14,M16,1,1.47
46,M16,M11,4.35,94.57
694,M16,M14,1,1.44
724,M16,M18,7.51,10.37
362,M18,D21,4.85,13.4
740,M18,M16,8.49,11.47
362,M18,M19,1.5,4.14
362,M19,M18,1.73,4.78
362,M19,M20,1.51,4.17
362,M20,M19,2.01,5.55
362,M20,M21,1.51,4.17
362,M21,M20,2,5.52
362,M21,M22,1.36,3.76
362,M22,M21,1.52,4.2
362,M22,M23,1.52,4.2
362,M23,M22,1.56,4.31
376,N02,N03,1.5,3.99
376,N02,R41,3,7.98
376,N03,N02,1.03,2.74
376,N03,N04,2,5.32
376,N04,N03,2.47,6.57
376,N04,N05,1.5,3.99
376,N05,N04,1.5,3.99
376,N05,N06,1.5,3.99
376,N06,N05,1.03,2.74
376,N06,N07,1.5,3.99
376,N07,N06,1.5,3.99
376,N07,N08,2,5.32
376,N08,N07,2,5.32
376,N08,N09,2,5.32
376,N09,N08,1.53,4.07
376,N09,N10,2.3,6.12
371,N10,D43,4,10.78
376,N10,N09,1,2.66
483,Q01,R20,4.22,8.74
253,Q01,R22,2,7.91
435,Q01,R30,8.11,18.64
303,Q01,R31,11.41,37.66
693,Q03,B08,2.02,2.91
693,Q03,Q04,2.41,3.48
693,Q04,Q03,2.04,2.94
693,Q04,Q05,1.63,2.35
693,Q05,Q04,2,2.89
461,R01,R03,1.5,3.25
461,R03,R01,1.75,3.8
461,R03,R04,1.22,2.65
461,R04,R03,1.25,2.71
461,R04,R05,1.5,3.25
461,R05,R04,1.75,3.8
461,R05,R06,2,4.34
461,R06,R05,1.75,3.8
461,R06,R08,1,2.17
461,R08,R06,1.25,2.71
461,R08,R09,2.43,5.27
461,R09,R08,2,4.34
461,R09,R11,4.57,9.91
296,R11,G21,6.4,21.62
461,R11,R09,5.03,10.91
757,R11,R13,1.71,2.26
757,R13,R11,1.57,2.07
757,R13,R14,2.53,3.34
436,R14,B08,2.5,5.73
757,R14,R13,2.53,3.34
821,R14,R15,1.68,2.05
372,R14,R16,2.69,7.23
819,R15,R14,1.98,2.42
821,R15,R16,1.5,1.83
374,R16,R14,2.96,7.91
819,R16,R15,1.71,2.09
1193,R16,R17,1.75,1.47
1193,R17,R16,1.59,1.33
711,R17,R18,1,1.41
482,R17,R20,2.93,6.08
710,R18,R17,1.01,1.42
711,R18,R19,1.33,1.87
710,R19,R18,1.11,1.56
711,R19,R20,1.64,2.31
482,R20,Q01,4.1,8.51
483,R20,R17,3.56,7.37
710,R20,R19,1.74,2.45
711,R20,R21,1.6,2.25
710,R21,R20,1.5,2.11
711,R21,R22,1.94,2.73
256,R22,Q01,2,7.81
710,R22,R21,1.91,2.69
455,R22,R23,1.71,3.76
457,R23,R22,1.5,3.28
455,R23,R24,2.5,5.49
457,R24,R23,3.27,7.16
455,R24,R25,2,4.4
457,R25,R24,1.94,4.25
455,R25,R26,1.53,3.36
457,R26,R25,1.19,2.6
455,R26,R27,2,4.4
457,R27,R26,1.94,4.25
424,R27,R28,3.5,8.25
426,R28,R27,3.92,9.2
424,R28,R29,2.02,4.76
426,R29,R28,1.79,4.2
424,R29,R30,3.78,8.92
175,R30,D22,8.08,46.17
528,R30,D24,1.68,3.18
440,R30,Q01,8.23,18.7
426,R30,R29,1.52,3.57
501,R30,R31,3.04,6.07
291,R31,D22,11.49,39.48
296,R31,Q01,10.66,36.01
514,R31,R30,3.39,6.6
501,R31,R32,2,3.99
599,R31,R36,5.5,9.18
514,R32,R31,2,3.89
501,R32,R33,1.64,3.27
514,R33,R32,1.64,3.19
501,R33,R34,1.97,3.93
514,R34,R33,1.96,3.81
501,R34,R35,1.53,3.05
514,R35,R34,1.52,2.96
501,R35,R36,1.61,3.21
368,R36,B12,4,10.87
587,R36,R31,5.21,8.88
514,R36,R35,1.62,3.15
466,R36,R39,2.13,4.57
268,R36,R41,3.51,13.1
433,R39,R36,2.59,5.98
466,R39,R40,1.54,3.3
433,R40,R39,1.56,3.6
466,R40,R41,1.52,3.26
376,R41,N02,3,7.98
296,R41,R36,4.5,15.2
433,R41,R40,1.59,3.67
355,R41,R42,2.15,6.06
353,R42,R41,2.36,6.69
355,R42,R43,1.39,3.92
353,R43,R42,1.5,4.25
355,R43,R44,3.81,10.73
353,R44,R43,2.07,5.86
355,R44,R45,2,5.63
353,R45,R44,1.82,5.16
330,S01,S03,2,6.06
330,S03,S01,2,6.06
330,S03,S04,1.5,4.55
330,S04,D26,3,9.09
330,S04,S03,2,6.06
